User ID,Bazaar Data
3415968,[]
3415967,[]
3415966,[]
3415965,[]
3415964,[]
3415963,[]
3415962,[]
3415961,[]
3415960,[]
3415959,[]
3415958,[]
3415957,[]
3415956,[]
3415955,[]
3415954,[]
3415953,[]
3415952,[]
3415951,[]
3415950,[]
3415949,[]
3415948,[]
3415947,[]
3415946,[]
3415945,[]
3415944,[]
3415943,[]
3415942,[]
3415941,[]
3415940,[]
3415939,[]
3415938,[]
3415937,[]
3415936,[]
3415935,[]
3415934,[]
3415933,[]
3415932,[]
3415931,[]
3415930,[]
3415929,[]
3415928,[]
3415927,[]
3415926,[]
3415925,[]
3415924,[]
3415923,[]
3415922,[]
3415921,[]
3415920,[]
3415919,[]
3415918,[]
3415917,[]
3415916,[]
3415915,[]
3415914,[]
3415913,[]
3415912,[]
3415911,[]
3415910,[]
3415909,[]
3415908,[]
3415907,[]
3415906,[]
3415905,[]
3415904,[]
3415903,[]
3415902,[]
3415901,[]
3415900,[]
3415899,[]
3415898,[]
3415897,[]
3415896,[]
3415895,[]
3415894,[]
3415893,[]
3415892,[]
3415891,[]
3415890,[]
3415889,[]
3415888,[]
3415887,[]
3415886,[]
3415885,[]
3415884,[]
3415883,[]
3415882,[]
3415881,[]
3415880,[]
3415879,[]
3415878,[]
3415877,[]
3415876,[]
3415875,[]
3415874,[]
3415873,[]
3415872,[]
3415871,[]
3415870,[]
3415869,[]
3415868,[]
3415867,[]
3415866,[]
3415865,[]
3415864,[]
3415863,[]
3415862,[]
3415861,[]
3415860,[]
3415859,[]
3415858,[]
3415857,[]
3415856,[]
3415855,[]
3415854,[]
3415853,[]
3415852,[]
3415851,[]
3415850,[]
3415849,[]
3415848,[]
3415847,[]
3415846,[]
3415845,[]
3415844,[]
3415843,[]
3415842,[]
3415841,[]
3415840,[]
3415839,[]
3415838,[]
3415837,[]
3415836,[]
3415835,[]
3415834,[]
3415833,[]
3415832,[]
3415831,[]
3415830,[]
3415829,[]
3415828,[]
3415827,[]
3415826,[]
3415825,[]
3415824,[]
3415823,[]
3415822,[]
3415821,[]
3415820,[]
3415819,[]
3415818,[]
3415817,[]
3415816,[]
3415815,[]
3415814,[]
3415813,[]
3415812,[]
3415811,[]
3415810,[]
3415809,[]
3415808,[]
3415807,[]
3415806,[]
3415805,[]
3415804,[]
3415803,[]
3415802,[]
3415801,[]
3415800,[]
3415799,[]
3415798,[]
3415797,[]
3415796,[]
3415795,[]
3415794,[]
3415793,[]
3415792,[]
3415791,[]
3415790,[]
3415789,[]
3415788,[]
3415787,[]
3415786,[]
3415785,[]
3415784,[]
3415783,[]
3415782,[]
3415781,[]
3415780,[]
3415779,[]
3415778,[]
3415777,[]
3415776,[]
3415775,[]
3415774,[]
3415773,[]
3415772,[]
3415771,[]
3415770,[]
3415769,[]
3415768,[]
3415767,[]
3415766,[]
3415765,[]
3415764,[]
3415763,[]
3415762,[]
3415761,[]
3415760,[]
3415759,[]
3415758,[]
3415757,[]
3415756,[]
3415755,[]
3415754,[]
3415753,[]
3415752,[]
3415751,[]
3415750,[]
3415749,[]
3415748,[]
3415747,[]
3415746,[]
3415745,[]
3415744,[]
3415743,[]
3415742,[]
3415741,[]
3415740,[]
3415739,[]
3415738,[]
3415737,[]
3415736,[]
3415735,[]
3415734,[]
3415733,[]
3415732,[]
3415731,[]
3415730,[]
3415729,[]
3415728,[]
3415727,[]
3415726,[]
3415725,[]
3415724,[]
3415723,[]
3415722,[]
3415721,[]
3415720,[]
3415719,[]
3415718,[]
3415717,[]
3415716,[]
3415715,[]
3415714,[]
3415713,[]
3415712,[]
3415711,[]
3415710,[]
3415709,[]
3415708,[]
3415707,[]
3415706,[]
3415705,[]
3415704,[]
3415703,[]
3415702,[]
3415701,[]
3415700,[]
3415699,[]
3415698,[]
3415697,[]
3415696,[]
3415695,[]
3415694,[]
3415693,[]
3415692,[]
3415691,[]
3415690,[]
3415689,[]
3415688,[]
3415687,[]
3415686,[]
3415685,[]
3415684,[]
3415683,[]
3415682,[]
3415681,[]
3415680,[]
3415679,[]
3415678,[]
3415677,[]
3415676,[]
3415675,[]
3415674,[]
3415673,[]
3415672,[]
3415671,[]
3415670,[]
3415669,[]
3415668,[]
3415667,[]
3415666,[]
3415665,[]
3415664,[]
3415663,[]
3415662,[]
3415661,[]
3415660,[]
3415659,[]
3415658,[]
3415657,[]
3415656,[]
3415655,[]
3415654,[]
3415653,[]
3415652,[]
3415651,[]
3415650,[]
3415649,[]
3415648,[]
3415647,[]
3415646,[]
3415645,[]
3415644,[]
3415643,[]
3415642,[]
3415641,[]
3415640,[]
3415639,[]
3415638,[]
3415637,[]
3415636,[]
3415635,[]
3415634,[]
3415633,[]
3415632,[]
3415631,[]
3415630,[]
3415629,[]
3415628,[]
3415627,[]
3415626,[]
3415625,[]
3415624,[]
3415623,[]
3415622,[]
3415621,[]
3415620,[]
3415619,[]
3415618,[]
3415617,[]
3415616,[]
3415615,[]
3415614,[]
3415613,[]
3415612,[]
3415611,[]
3415610,[]
3415609,[]
3415608,[]
3415607,[]
3415606,[]
3415605,[]
3415604,[]
3415603,[]
3415602,[]
3415601,[]
3415600,[]
3415599,[]
3415598,[]
3415597,[]
3415596,[]
3415595,[]
3415594,[]
3415593,[]
3415592,[]
3415591,[]
3415590,[]
3415589,[]
3415588,[]
3415587,[]
3415586,[]
3415585,[]
3415584,[]
3415583,[]
3415582,[]
3415581,[]
3415580,[]
3415579,[]
3415578,[]
3415577,[]
3415576,[]
3415575,[]
3415574,[]
3415573,[]
3415572,[]
3415571,[]
3415570,[]
3415569,[]
3415568,[]
3415567,[]
3415566,[]
3415565,[]
3415564,[]
3415563,[]
3415562,[]
3415561,[]
3415560,[]
3415559,[]
3415558,[]
3415557,[]
3415556,[]
3415555,[]
3415554,[]
3415553,[]
3415552,[]
3415551,[]
3415550,[]
3415549,[]
3415548,[]
3415547,[]
3415546,[]
3415545,[]
3415544,[]
3415543,[]
3415542,[]
3415541,[]
3415540,[]
3415539,[]
3415538,[]
3415537,[]
3415536,[]
3415535,[]
3415534,[]
3415533,[]
3415532,[]
3415531,[]
3415530,[]
3415529,[]
3415528,[]
3415527,[]
3415526,[]
3415525,[]
3415524,[]
3415523,[]
3415522,[]
3415521,[]
3415520,[]
3415519,[]
3415518,[]
3415517,[]
3415516,[]
3415515,[]
3415514,[]
3415513,[]
3415512,[]
3415511,[]
3415510,[]
3415509,[]
3415508,[]
3415507,[]
3415506,[]
3415505,[]
3415504,[]
3415503,[]
3415502,[]
3415501,[]
3415500,[]
3415499,[]
3415498,[]
3415497,[]
3415496,[]
3415495,[]
3415494,[]
3415493,[]
3415492,[]
3415491,[]
3415490,[]
3415489,[]
3415488,[]
3415487,[]
3415486,[]
3415485,[]
3415484,[]
3415483,[]
3415482,[]
3415481,[]
3415480,[]
3415479,[]
3415478,[]
3415477,[]
3415476,[]
3415475,[]
3415474,[]
3415473,[]
3415472,[]
3415471,[]
3415470,[]
3415469,[]
3415468,[]
3415467,[]
3415466,[]
3415465,[]
3415464,[]
3415463,[]
3415462,[]
3415461,[]
3415460,[]
3415459,[]
3415458,[]
3415457,[]
3415456,[]
3415455,[]
3415454,[]
3415453,[]
3415452,[]
3415451,[]
3415450,[]
3415449,[]
3415448,[]
3415447,[]
3415446,[]
3415445,[]
3415444,[]
3415443,[]
3415442,[]
3415441,[]
3415440,[]
3415439,[]
3415438,[]
3415437,[]
3415436,[]
3415435,[]
3415434,[]
3415433,[]
3415432,[]
3415431,[]
3415430,[]
3415429,[]
3415428,[]
3415427,[]
3415426,[]
3415425,[]
3415424,[]
3415423,[]
3415422,[]
3415421,[]
3415420,[]
3415419,[]
3415418,[]
3415417,[]
3415416,[]
3415415,[]
3415414,[]
3415413,[]
3415412,[]
3415411,[]
3415410,[]
3415409,[]
3415408,[]
3415407,[]
3415406,[]
3415405,[]
3415404,[]
3415403,[]
3415402,[]
3415401,[]
3415400,[]
3415399,[]
3415398,[]
3415397,[]
3415396,[]
3415395,[]
3415394,[]
3415393,[]
3415392,[]
3415391,[]
3415390,[]
3415389,[]
3415388,[]
3415387,[]
3415386,[]
3415385,[]
3415384,[]
3415383,[]
3415382,[]
3415381,[]
3415380,[]
3415379,[]
3415378,[]
3415377,[]
3415376,[]
3415375,[]
3415374,[]
3415373,[]
3415372,[]
3415371,[]
3415370,[]
3415369,[]
3415368,[]
3415367,[]
3415366,[]
3415365,[]
3415364,[]
3415363,[]
3415362,[]
3415361,[]
3415360,[]
3415359,[]
3415358,[]
3415357,[]
3415356,[]
3415355,[]
3415354,[]
3415353,[]
3415352,[]
3415351,[]
3415350,[]
3415349,[]
3415348,[]
3415347,[]
3415346,[]
3415345,[]
3415344,[]
3415343,[]
3415342,[]
3415341,[]
3415340,[]
3415339,[]
3415338,[]
3415337,[]
3415336,[]
3415335,[]
3415334,[]
3415333,[]
3415332,[]
3415331,[]
3415330,[]
3415329,[]
3415328,[]
3415327,[]
3415326,[]
3415325,[]
3415324,[]
3415323,[]
3415322,[]
3415321,[]
3415320,[]
3415319,[]
3415318,[]
3415317,[]
3415316,[]
3415315,[]
3415314,[]
3415313,[]
3415312,[]
3415311,[]
3415310,[]
3415309,[]
3415308,[]
3415307,[]
3415306,[]
3415305,[]
3415304,[]
3415303,[]
3415302,[]
3415301,[]
3415300,[]
3415299,[]
3415298,[]
3415297,[]
3415296,[]
3415295,[]
3415294,[]
3415293,[]
3415292,[]
3415291,[]
3415290,[]
3415289,[]
3415288,[]
3415287,[]
3415286,[]
3415285,[]
3415284,[]
3415283,[]
3415282,[]
3415281,[]
3415280,[]
3415279,[]
3415278,[]
3415277,[]
3415276,[]
3415275,[]
3415274,[]
3415273,[]
3415272,[]
3415271,[]
3415270,[]
3415269,[]
3415268,[]
3415267,[]
3415266,[]
3415265,[]
3415264,[]
3415263,[]
3415262,[]
3415261,[]
3415260,[]
3415259,[]
3415258,[]
3415257,[]
3415256,[]
3415255,[]
3415254,[]
3415253,[]
3415252,[]
3415251,[]
3415250,[]
3415249,[]
3415248,[]
3415247,[]
3415246,[]
3415245,[]
3415244,[]
3415243,[]
3415242,[]
3415241,[]
3415240,[]
3415239,[]
3415238,[]
3415237,[]
3415236,[]
3415235,[]
3415234,[]
3415233,[]
3415232,[]
3415231,[]
3415230,[]
3415229,[]
3415228,[]
3415227,[]
3415226,[]
3415225,[]
3415224,[]
3415223,[]
3415222,[]
3415221,[]
3415220,[]
3415219,[]
3415218,[]
3415217,[]
3415216,[]
3415215,[]
3415214,[]
3415213,[]
3415212,[]
3415211,[]
3415210,[]
3415209,[]
3415208,[]
3415207,[]
3415206,[]
3415205,[]
3415204,[]
3415203,[]
3415202,[]
3415201,[]
3415200,[]
3415199,[]
3415198,[]
3415197,[]
3415196,[]
3415195,[]
3415194,[]
3415193,[]
3415192,[]
3415191,[]
3415190,[]
3415189,[]
3415188,[]
3415187,[]
3415186,[]
3415185,[]
3415184,[]
3415183,[]
3415182,[]
3415181,[]
3415180,[]
3415179,[]
3415178,[]
3415177,[]
3415176,[]
3415175,[]
3415174,[]
3415173,[]
3415172,[]
3415171,[]
3415170,[]
3415169,[]
3415168,[]
3415167,[]
3415166,[]
3415165,[]
3415164,[]
3415163,[]
3415162,[]
3415161,[]
3415160,[]
3415159,[]
3415158,[]
3415157,[]
3415156,[]
3415155,[]
3415154,[]
3415153,[]
3415152,[]
3415151,[]
3415150,[]
3415149,[]
3415148,[]
3415147,[]
3415146,[]
3415145,[]
3415144,[]
3415143,[]
3415142,[]
3415141,[]
3415140,[]
3415139,[]
3415138,[]
3415137,[]
3415136,[]
3415135,[]
3415134,[]
3415133,[]
3415132,[]
3415131,[]
3415130,[]
3415129,[]
3415128,[]
3415127,[]
3415126,[]
3415125,[]
3415124,[]
3415123,[]
3415122,[]
3415121,[]
3415120,[]
3415119,[]
3415118,[]
3415117,[]
3415116,[]
3415115,[]
3415114,[]
3415113,[]
3415112,[]
3415111,[]
3415110,[]
3415109,[]
3415108,[]
3415107,[]
3415106,[]
3415105,[]
3415104,[]
3415103,[]
3415102,[]
3415101,[]
3415100,[]
3415099,[]
3415098,[]
3415097,[]
3415096,[]
3415095,[]
3415094,[]
3415093,[]
3415092,[]
3415091,[]
3415090,[]
3415089,[]
3415088,[]
3415087,[]
3415086,[]
3415085,[]
3415084,[]
3415083,[]
3415082,[]
3415081,[]
3415080,[]
3415079,[]
3415078,[]
3415077,[]
3415076,[]
3415075,[]
3415074,[]
3415073,[]
3415072,[]
3415071,[]
3415070,[]
3415069,[]
3415068,[]
3415067,[]
3415066,[]
3415065,[]
3415064,[]
3415063,[]
3415062,[]
3415061,[]
3415060,[]
3415059,[]
3415058,[]
3415057,[]
3415056,[]
3415055,[]
3415054,[]
3415053,[]
3415052,[]
3415051,[]
3415050,[]
3415049,[]
3415048,[]
3415047,[]
3415046,[]
3415045,[]
3415044,[]
3415043,[]
3415042,[]
3415041,[]
3415040,[]
3415039,[]
3415038,[]
3415037,"[{'ID': 2, 'UID': 12827958203, 'name': 'Baseball Bat', 'type': 'Melee', 'quantity': 1, 'price': 125, 'market_price': 134}, {'ID': 1220, 'name': 'Massage Oil', 'type': 'Other', 'quantity': 1, 'price': 1350, 'market_price': 1390}, {'ID': 875, 'name': 'Rotten Apple', 'type': 'Other', 'quantity': 1, 'price': 150, 'market_price': 161}]"
3415036,[]
3415035,[]
3415034,[]
3415033,[]
3415032,[]
3415031,[]
3415030,[]
3415029,[]
3415028,[]
3415027,[]
3415026,[]
3415025,[]
3415024,[]
3415023,[]
3415022,[]
3415021,[]
3415020,[]
3415019,[]
3415018,[]
3415017,[]
3415016,[]
3415015,[]
3415014,[]
3415013,[]
3415012,[]
3415011,[]
3415010,[]
3415009,[]
3415008,[]
3415007,[]
3415006,[]
3415005,[]
3415004,[]
3415003,[]
3415002,[]
3415001,[]
3415000,[]
3414999,[]
3414998,[]
3414997,[]
3414996,[]
3414995,[]
3414994,[]
3414993,[]
3414992,[]
3414991,[]
3414990,[]
3414989,[]
3414988,[]
3414987,[]
3414986,[]
3414985,[]
3414984,[]
3414983,[]
3414982,[]
3414981,[]
3414980,[]
3414979,[]
3414978,[]
3414977,[]
3414976,[]
3414975,[]
3414974,[]
3414973,[]
3414972,[]
3414971,[]
3414970,[]
3414969,[]
3414968,[]
3414967,[]
3414966,[]
3414965,[]
3414964,[]
3414963,[]
3414962,[]
3414961,[]
3414960,[]
3414959,[]
3414958,[]
3414957,[]
3414956,[]
3414955,[]
3414954,[]
3414953,[]
3414952,[]
3414951,[]
3414950,[]
3414949,[]
3414948,[]
3414947,[]
3414946,[]
3414945,[]
3414944,[]
3414943,[]
3414942,[]
3414941,[]
3414940,[]
3414939,[]
3414938,[]
3414937,[]
3414936,[]
3414935,[]
3414934,[]
3414933,[]
3414932,[]
3414931,[]
3414930,[]
3414929,[]
3414928,[]
3414927,[]
3414926,[]
3414925,[]
3414924,[]
3414923,[]
3414922,[]
3414921,[]
3414920,[]
3414919,[]
3414918,[]
3414917,[]
3414916,[]
3414915,[]
3414914,[]
3414913,[]
3414912,[]
3414911,[]
3414910,[]
3414909,[]
3414908,[]
3414907,[]
3414906,[]
3414905,[]
3414904,[]
3414903,[]
3414902,[]
3414901,[]
3414900,[]
3414899,[]
3414898,[]
3414897,[]
3414896,[]
3414895,[]
3414894,[]
3414893,[]
3414892,[]
3414891,[]
3414890,[]
3414889,[]
3414888,[]
3414887,[]
3414886,[]
3414885,[]
3414884,[]
3414883,[]
3414882,[]
3414881,[]
3414880,[]
3414879,[]
3414878,[]
3414877,[]
3414876,[]
3414875,[]
3414874,[]
3414873,[]
3414872,[]
3414871,[]
3414870,[]
3414869,[]
3414868,[]
3414867,[]
3414866,[]
3414865,[]
3414864,[]
3414863,[]
3414862,[]
3414861,[]
3414860,[]
3414859,[]
3414858,[]
3414857,[]
3414856,[]
3414855,[]
3414854,[]
3414853,[]
3414852,[]
3414851,[]
3414850,[]
3414849,[]
3414848,[]
3414847,[]
3414846,[]
3414845,[]
3414844,[]
3414843,[]
3414842,[]
3414841,[]
3414840,[]
3414839,[]
3414838,[]
3414837,[]
3414836,[]
3414835,[]
3414834,[]
3414833,[]
3414832,[]
3414831,[]
3414830,[]
3414829,[]
3414828,[]
3414827,[]
3414826,[]
3414825,[]
3414824,[]
3414823,[]
3414822,[]
3414821,[]
3414820,[]
3414819,[]
3414818,[]
3414817,[]
3414816,[]
3414815,[]
3414814,[]
3414813,[]
3414812,[]
3414811,[]
3414810,[]
3414809,[]
3414808,[]
3414807,[]
3414806,[]
3414805,[]
3414804,[]
3414803,[]
3414802,[]
3414801,[]
3414800,[]
3414799,[]
3414798,[]
3414797,[]
3414796,[]
3414795,[]
3414794,[]
3414793,[]
3414792,[]
3414791,[]
3414790,[]
3414789,[]
3414788,[]
3414787,[]
3414786,[]
3414785,[]
3414784,[]
3414783,[]
3414782,[]
3414781,[]
3414780,[]
3414779,[]
3414778,[]
3414777,[]
3414776,[]
3414775,[]
3414774,[]
3414773,[]
3414772,[]
3414771,[]
3414770,[]
3414769,[]
3414768,[]
3414767,[]
3414766,[]
3414765,[]
3414764,[]
3414763,[]
3414762,[]
3414761,[]
3414760,[]
3414759,[]
3414758,[]
3414757,[]
3414756,[]
3414755,[]
3414754,[]
3414753,[]
3414752,[]
3414751,[]
3414750,[]
3414749,[]
3414748,[]
3414747,[]
3414746,[]
3414745,[]
3414744,[]
3414743,[]
3414742,[]
3414741,[]
3414740,[]
3414739,[]
3414738,[]
3414737,[]
3414736,[]
3414735,[]
3414734,[]
3414733,[]
3414732,[]
3414731,[]
3414730,[]
3414729,[]
3414728,[]
3414727,[]
3414726,[]
3414725,[]
3414724,[]
3414723,[]
3414722,[]
3414721,[]
3414720,[]
3414719,[]
3414718,[]
3414717,[]
3414716,[]
3414715,[]
3414714,[]
3414713,[]
3414712,[]
3414711,[]
3414710,[]
3414709,[]
3414708,[]
3414707,[]
3414706,[]
3414705,[]
3414704,[]
3414703,[]
3414702,[]
3414701,[]
3414700,[]
3414699,[]
3414698,[]
3414697,[]
3414696,[]
3414695,[]
3414694,[]
3414693,[]
3414692,[]
3414691,[]
3414690,[]
3414689,[]
3414688,[]
3414687,[]
3414686,[]
3414685,[]
3414684,[]
3414683,[]
3414682,[]
3414681,[]
3414680,[]
3414679,[]
3414678,[]
3414677,[]
3414676,[]
3414675,[]
3414674,[]
3414673,[]
3414672,[]
3414671,[]
3414670,[]
3414669,[]
3414668,[]
3414667,[]
3414666,[]
3414665,[]
3414664,[]
3414663,[]
3414662,[]
3414661,[]
3414660,[]
3414659,[]
3414658,[]
3414657,[]
3414656,[]
3414655,[]
3414654,[]
3414653,[]
3414652,[]
3414651,[]
3414650,[]
3414649,[]
3414648,[]
3414647,[]
3414646,[]
3414645,[]
3414644,[]
3414643,[]
3414642,[]
3414641,[]
3414640,[]
3414639,[]
3414638,[]
3414637,[]
3414636,[]
3414635,[]
3414634,[]
3414633,[]
3414632,[]
3414631,[]
3414630,[]
3414629,[]
3414628,[]
3414627,[]
3414626,[]
3414625,[]
3414624,[]
3414623,[]
3414622,[]
3414621,[]
3414620,[]
3414619,[]
3414618,[]
3414617,[]
3414616,[]
3414615,[]
3414614,[]
3414613,[]
3414612,[]
3414611,[]
3414610,[]
3414609,[]
3414608,[]
3414607,[]
3414606,[]
3414605,[]
3414604,[]
3414603,[]
3414602,[]
3414601,[]
3414600,[]
3414599,[]
3414598,[]
3414597,[]
3414596,[]
3414595,[]
3414594,[]
3414593,[]
3414592,[]
3414591,[]
3414590,[]
3414589,[]
3414588,[]
3414587,[]
3414586,[]
3414585,[]
3414584,[]
3414583,[]
3414582,[]
3414581,[]
3414580,[]
3414579,[]
3414578,[]
3414577,[]
3414576,[]
3414575,[]
3414574,[]
3414573,[]
3414572,[]
3414571,[]
3414570,[]
3414569,[]
3414568,[]
3414567,[]
3414566,[]
3414565,[]
3414564,[]
3414563,[]
3414562,[]
3414561,[]
3414560,[]
3414559,[]
3414558,[]
3414557,[]
3414556,[]
3414555,[]
3414554,[]
3414553,[]
3414552,[]
3414551,[]
3414550,[]
3414549,[]
3414548,[]
3414547,[]
3414546,[]
3414545,[]
3414544,[]
3414543,[]
3414542,[]
3414541,[]
3414540,[]
3414539,[]
3414538,[]
3414537,[]
3414536,[]
3414535,[]
3414534,[]
3414533,[]
3414532,[]
3414531,[]
3414530,[]
3414529,[]
3414528,[]
3414527,[]
3414526,[]
3414525,[]
3414524,[]
3414523,[]
3414522,[]
3414521,[]
3414520,[]
3414519,[]
3414518,[]
3414517,[]
3414516,[]
3414515,[]
3414514,[]
3414513,[]
3414512,[]
3414511,[]
3414510,[]
3414509,[]
3414508,[]
3414507,[]
3414506,[]
3414505,[]
3414504,[]
3414503,[]
3414502,[]
3414501,[]
3414500,[]
3414499,[]
3414498,[]
3414497,[]
3414496,[]
3414495,[]
3414494,[]
3414493,[]
3414492,[]
3414491,[]
3414490,[]
3414489,[]
3414488,[]
3414487,[]
3414486,[]
3414485,[]
3414484,[]
3414483,[]
3414482,[]
3414481,[]
3414480,[]
3414479,[]
3414478,[]
3414477,[]
3414476,[]
3414475,[]
3414474,[]
3414473,[]
3414472,[]
3414471,[]
3414470,[]
3414469,[]
3414468,[]
3414467,[]
3414466,[]
3414465,[]
3414464,[]
3414463,[]
3414462,[]
3414461,[]
3414460,[]
3414459,[]
3414458,[]
3414457,[]
3414456,[]
3414455,[]
3414454,[]
3414453,[]
3414452,[]
3414451,[]
3414450,[]
3414449,[]
3414448,[]
3414447,[]
3414446,[]
3414445,[]
3414444,[]
3414443,[]
3414442,[]
3414441,[]
3414440,[]
3414439,[]
3414438,[]
3414437,[]
3414436,[]
3414435,[]
3414434,[]
3414433,[]
3414432,[]
3414431,[]
3414430,[]
3414429,[]
3414428,[]
3414427,[]
3414426,[]
3414425,[]
3414424,[]
3414423,[]
3414422,[]
3414421,[]
3414420,[]
3414419,[]
3414418,[]
3414417,[]
3414416,[]
3414415,[]
3414414,[]
3414413,[]
3414412,[]
3414411,[]
3414410,[]
3414409,[]
3414408,[]
3414407,[]
3414406,[]
3414405,[]
3414404,[]
3414403,[]
3414402,[]
3414401,[]
3414400,[]
3414399,[]
3414398,[]
3414397,[]
3414396,[]
3414395,[]
3414394,[]
3414393,[]
3414392,[]
3414391,[]
3414390,[]
3414389,[]
3414388,[]
3414387,[]
3414386,[]
3414385,[]
3414384,[]
3414383,[]
3414382,[]
3414381,[]
3414380,[]
3414379,[]
3414378,[]
3414377,[]
3414376,[]
3414375,[]
3414374,[]
3414373,[]
3414372,[]
3414371,[]
3414370,[]
3414369,[]
3414368,[]
3414367,[]
3414366,[]
3414365,[]
3414364,[]
3414363,[]
3414362,[]
3414361,[]
3414360,[]
3414359,[]
3414358,[]
3414357,[]
3414356,[]
3414355,[]
3414354,[]
3414353,[]
3414352,[]
3414351,[]
3414350,[]
3414349,[]
3414348,[]
3414347,[]
3414346,[]
3414345,[]
3414344,[]
3414343,[]
3414342,[]
3414341,[]
3414340,[]
3414339,[]
3414338,[]
3414337,[]
3414336,[]
3414335,[]
3414334,[]
3414333,[]
3414332,[]
3414331,[]
3414330,[]
3414329,[]
3414328,[]
3414327,[]
3414326,[]
3414325,[]
3414324,[]
3414323,[]
3414322,[]
3414321,[]
3414320,[]
3414319,[]
3414318,[]
3414317,[]
3414316,[]
3414315,[]
3414314,[]
3414313,[]
3414312,[]
3414311,[]
3414310,[]
3414309,[]
3414308,[]
3414307,[]
3414306,[]
3414305,[]
3414304,[]
3414303,[]
3414302,[]
3414301,[]
3414300,[]
3414299,[]
3414298,[]
3414297,[]
3414296,[]
3414295,[]
3414294,[]
3414293,[]
3414292,[]
3414291,[]
3414290,[]
3414289,[]
3414288,[]
3414287,[]
3414286,[]
3414285,[]
3414284,[]
3414283,[]
3414282,[]
3414281,[]
3414280,[]
3414279,[]
3414278,[]
3414277,[]
3414276,[]
3414275,[]
3414274,[]
3414273,[]
3414272,[]
3414271,[]
3414270,[]
3414269,[]
3414268,[]
3414267,[]
3414266,[]
3414265,[]
3414264,[]
3414263,[]
3414262,[]
3414261,[]
3414260,[]
3414259,[]
3414258,[]
3414257,[]
3414256,[]
3414255,[]
3414254,[]
3414253,[]
3414252,[]
3414251,[]
3414250,[]
3414249,[]
3414248,[]
3414247,[]
3414246,[]
3414245,[]
3414244,[]
3414243,[]
3414242,[]
3414241,[]
3414240,[]
3414239,[]
3414238,[]
3414237,[]
3414236,[]
3414235,[]
3414234,[]
3414233,[]
3414232,[]
3414231,[]
3414230,[]
3414229,[]
3414228,[]
3414227,[]
3414226,[]
3414225,[]
3414224,[]
3414223,[]
3414222,[]
3414221,[]
3414220,[]
3414219,[]
3414218,[]
3414217,[]
3414216,[]
3414215,[]
3414214,[]
3414213,[]
3414212,[]
3414211,[]
3414210,[]
3414209,[]
3414208,[]
3414207,[]
3414206,[]
3414205,[]
3414204,[]
3414203,[]
3414202,[]
3414201,[]
3414200,[]
3414199,[]
3414198,[]
3414197,[]
3414196,[]
3414195,[]
3414194,[]
3414193,[]
3414192,[]
3414191,[]
3414190,[]
3414189,[]
3414188,[]
3414187,[]
3414186,[]
3414185,[]
3414184,[]
3414183,[]
3414182,[]
3414181,[]
3414180,[]
3414179,[]
3414178,[]
3414177,[]
3414176,[]
3414175,[]
3414174,[]
3414173,[]
3414172,[]
3414171,[]
3414170,[]
3414169,[]
3414168,[]
3414167,[]
3414166,[]
3414165,[]
3414164,[]
3414163,[]
3414162,[]
3414161,[]
3414160,[]
3414159,[]
3414158,[]
3414157,[]
3414156,[]
3414155,[]
3414154,[]
3414153,[]
3414152,[]
3414151,[]
3414150,[]
3414149,[]
3414148,[]
3414147,[]
3414146,[]
3414145,[]
3414144,[]
3414143,[]
3414142,[]
3414141,[]
3414140,[]
3414139,[]
3414138,[]
3414137,[]
3414136,[]
3414135,[]
3414134,[]
3414133,[]
3414132,[]
3414131,[]
3414130,[]
3414129,[]
3414128,[]
3414127,[]
3414126,[]
3414125,[]
3414124,[]
3414123,[]
3414122,[]
3414121,[]
3414120,[]
3414119,[]
3414118,[]
3414117,[]
3414116,[]
3414115,[]
3414114,[]
3414113,[]
3414112,[]
3414111,[]
3414110,[]
3414109,[]
3414108,[]
3414107,[]
3414106,[]
3414105,[]
3414104,[]
3414103,[]
3414102,[]
3414101,[]
3414100,[]
3414099,[]
3414098,[]
3414097,[]
3414096,[]
3414095,[]
3414094,[]
3414093,[]
3414092,[]
3414091,[]
3414090,[]
3414089,[]
3414088,[]
3414087,[]
3414086,[]
3414085,[]
3414084,[]
3414083,[]
3414082,[]
3414081,[]
3414080,[]
3414079,[]
3414078,[]
3414077,[]
3414076,[]
3414075,[]
3414074,[]
3414073,[]
3414072,[]
3414071,[]
3414070,[]
3414069,[]
3414068,[]
3414067,[]
3414066,[]
3414065,[]
3414064,[]
3414063,[]
3414062,[]
3414061,[]
3414060,[]
3414059,[]
3414058,[]
3414057,[]
3414056,[]
3414055,[]
3414054,[]
3414053,[]
3414052,[]
3414051,[]
3414050,[]
3414049,[]
3414048,[]
3414047,[]
3414046,[]
3414045,[]
3414044,[]
3414043,[]
3414042,[]
3414041,[]
3414040,[]
3414039,[]
3414038,[]
3414037,[]
3414036,[]
3414035,[]
3414034,[]
3414033,[]
3414032,[]
3414031,[]
3414030,[]
3414029,[]
3414028,[]
3414027,[]
3414026,[]
3414025,[]
3414024,[]
3414023,[]
3414022,[]
3414021,[]
3414020,[]
3414019,[]
3414018,[]
3414017,[]
3414016,[]
3414015,[]
3414014,[]
3414013,[]
3414012,[]
3414011,[]
3414010,[]
3414009,[]
3414008,[]
3414007,[]
3414006,[]
3414005,[]
3414004,[]
3414003,[]
3414002,[]
3414001,[]
3414000,[]
3413999,[]
3413998,[]
3413997,[]
3413996,[]
3413995,[]
3413994,[]
3413993,[]
3413992,[]
3413991,[]
3413990,[]
3413989,[]
3413988,[]
3413987,[]
3413986,[]
3413985,[]
3413984,[]
3413983,[]
3413982,[]
3413981,[]
3413980,[]
3413979,[]
3413978,[]
3413977,[]
3413976,[]
3413975,[]
3413974,[]
3413973,[]
3413972,[]
3413971,[]
3413970,[]
3413969,[]
3413968,[]
3413967,[]
3413966,[]
3413965,[]
3413964,[]
3413963,[]
3413962,[]
3413961,[]
3413960,[]
3413959,[]
3413958,[]
3413957,[]
3413956,[]
3413955,[]
3413954,[]
3413953,[]
3413952,[]
3413951,[]
3413950,[]
3413949,[]
3413948,[]
3413947,[]
3413946,[]
3413945,[]
3413944,[]
3413943,[]
3413942,[]
3413941,[]
3413940,[]
3413939,[]
3413938,[]
3413937,[]
3413936,[]
3413935,[]
3413934,[]
3413933,[]
3413932,[]
3413931,[]
3413930,[]
3413929,[]
3413928,[]
3413927,[]
3413926,[]
3413925,[]
3413924,[]
3413923,[]
3413922,[]
3413921,[]
3413920,[]
3413919,[]
3413918,[]
3413917,[]
3413916,[]
3413915,[]
3413914,[]
3413913,[]
3413912,[]
3413911,[]
3413910,[]
3413909,[]
3413908,[]
3413907,[]
3413906,[]
3413905,[]
3413904,[]
3413903,[]
3413902,[]
3413901,[]
3413900,[]
3413899,[]
3413898,[]
3413897,[]
3413896,[]
3413895,[]
3413894,[]
3413893,[]
3413892,[]
3413891,[]
3413890,[]
3413889,[]
3413888,[]
3413887,[]
3413886,[]
3413885,[]
3413884,[]
3413883,[]
3413882,[]
3413881,[]
3413880,[]
3413879,[]
3413878,[]
3413877,[]
3413876,[]
3413875,[]
3413874,[]
3413873,[]
3413872,[]
3413871,[]
3413870,[]
3413869,[]
3413868,[]
3413867,[]
3413866,[]
3413865,[]
3413864,[]
3413863,[]
3413862,[]
3413861,[]
3413860,[]
3413859,[]
3413858,[]
3413857,[]
3413856,[]
3413855,[]
3413854,[]
3413853,[]
3413852,[]
3413851,[]
3413850,[]
3413849,[]
3413848,[]
3413847,[]
3413846,[]
3413845,[]
3413844,[]
3413843,[]
3413842,[]
3413841,[]
3413840,[]
3413839,[]
3413838,[]
3413837,[]
3413836,[]
3413835,[]
3413834,[]
3413833,[]
3413832,[]
3413831,[]
3413830,[]
3413829,[]
3413828,[]
3413827,[]
3413784,[]
3413783,[]
3413782,[]
3413781,[]
3413780,[]
3413779,[]
3413778,[]
3413777,[]
3413776,[]
3413775,[]
3413774,[]
3413773,[]
3413772,[]
3413771,[]
3413770,[]
3413769,[]
3413768,[]
3413767,[]
3413766,[]
3413765,[]
3413764,[]
3413763,[]
3413762,[]
3413761,[]
3413760,[]
3413759,[]
3413758,[]
3413757,[]
3413756,[]
3413755,[]
3413754,[]
3413753,[]
3413752,[]
3413751,[]
3413750,[]
3413749,[]
3413748,[]
3413747,[]
3413746,[]
3413745,[]
3413744,[]
3413743,[]
3413742,[]
3413741,[]
3413740,[]
3413739,[]
3413738,[]
3413737,[]
3413736,[]
3413735,[]
3413734,[]
3413733,[]
3413732,[]
3413731,[]
3413730,[]
3413729,[]
3413728,[]
3413727,[]
3413726,[]
3413725,[]
3413724,[]
3413723,[]
3413722,[]
3413721,[]
3413720,[]
3413719,[]
3413718,[]
3413717,[]
3413716,[]
3413715,[]
3413714,[]
3413713,[]
3413712,[]
3413711,[]
3413710,[]
3413709,[]
3413708,[]
3413707,[]
3413706,[]
3413705,[]
3413704,[]
3413703,[]
3413702,[]
3413701,[]
3413700,[]
3413699,[]
3413698,[]
3413697,[]
3413696,[]
3413695,[]
3413694,[]
3413693,[]
3413692,[]
3413691,[]
3413690,[]
3413689,[]
3413688,[]
3413687,[]
3413686,[]
3413685,[]
3413684,[]
3413683,[]
3413682,[]
3413681,[]
3413680,[]
3413679,[]
3413678,[]
3413677,[]
3413676,[]
3413675,[]
3413674,[]
3413673,[]
3413672,[]
3413671,[]
3413670,[]
3413669,[]
3413668,[]
3413667,[]
3413666,[]
3413665,[]
3413664,[]
3413663,[]
3413662,[]
3413661,[]
3413660,[]
3413659,[]
3413658,[]
3413657,[]
3413656,[]
3413655,[]
3413654,[]
3413653,[]
3413652,[]
3413651,[]
3413650,[]
3413649,[]
3413648,[]
3413647,[]
3413646,[]
3413645,[]
3413644,[]
3413643,[]
3413642,[]
3413641,[]
3413640,[]
3413639,[]
3413638,[]
3413637,[]
3413636,[]
3413635,[]
3413634,[]
3413633,[]
3413632,[]
3413631,[]
3413630,[]
3413629,[]
3413628,[]
3413627,[]
3413626,[]
3413625,[]
3413624,[]
3413623,[]
3413622,[]
3413621,[]
3413620,[]
3413619,[]
3413618,[]
3413617,[]
3413616,[]
3413615,[]
3413614,[]
3413613,[]
3413612,[]
3413611,[]
3413610,[]
3413609,[]
3413608,[]
3413607,[]
3413606,[]
3413605,[]
3413604,[]
3413603,[]
3413602,[]
3413601,[]
3413600,[]
3413599,[]
3413598,[]
3413597,[]
3413596,[]
3413595,[]
3413594,[]
3413593,[]
3413592,[]
3413591,[]
3413590,[]
3413589,[]
3413588,[]
3413587,[]
3413586,[]
3413585,[]
3413584,[]
3413583,[]
3413582,[]
3413581,[]
3413580,[]
3413579,[]
3413578,[]
3413577,[]
3413576,[]
3413575,[]
3413574,[]
3413573,[]
3413572,[]
3413571,[]
3413570,[]
3413569,[]
3413568,[]
3413567,[]
3413566,[]
3413565,[]
3413564,[]
3413563,[]
3413562,[]
3413561,[]
3413560,[]
3413559,[]
3413558,[]
3413557,[]
3413556,[]
3413555,[]
3413554,[]
3413553,[]
3413552,[]
3413551,[]
3413550,[]
3413549,[]
3413548,[]
3413547,[]
3413546,[]
3413545,[]
3413544,[]
3413543,[]
3413542,[]
3413541,[]
3413540,[]
3413539,[]
3413538,[]
3413537,[]
3413536,[]
3413535,[]
3413534,[]
3413533,[]
3413532,[]
3413531,[]
3413530,[]
3413529,[]
3413528,[]
3413527,[]
3413526,[]
3413525,[]
3413524,[]
3413523,[]
3413522,[]
3413521,[]
3413520,[]
3413519,[]
3413518,[]
3413517,[]
3413516,[]
3413515,[]
3413514,[]
3413513,[]
3413512,[]
3413511,[]
3413510,[]
3413509,[]
3413508,[]
3413507,[]
3413506,[]
3413505,[]
3413504,[]
3413503,[]
3413502,[]
3413501,[]
3413500,[]
3413499,[]
3413498,[]
3413497,[]
3413496,[]
3413495,[]
3413494,[]
3413493,[]
3413492,[]
3413491,[]
3413490,[]
3413489,[]
3413488,[]
3413487,[]
3413486,[]
3413485,[]
3413484,[]
3413483,[]
3413482,[]
3413481,[]
3413480,[]
3413479,[]
3413478,[]
3413477,[]
3413476,[]
3413475,[]
3413474,[]
3413473,[]
3413472,[]
3413471,[]
3413470,[]
3413469,[]
3413468,[]
3413467,[]
3413466,[]
3413465,[]
3413464,[]
3413463,[]
3413462,[]
3413461,[]
3413460,[]
3413459,[]
3413458,[]
3413457,[]
3413456,[]
3413455,[]
3413454,[]
3413453,[]
3413452,[]
3413451,[]
3413450,[]
3413449,[]
3413448,[]
3413447,[]
3413446,[]
3413445,[]
3413444,[]
3413443,[]
3413442,[]
3413441,[]
3413440,[]
3413439,[]
3413438,[]
3413437,[]
3413436,[]
3413435,[]
3413434,[]
3413433,[]
3413432,[]
3413431,[]
3413430,[]
3413429,[]
3413428,[]
3413427,[]
3413426,[]
3413425,[]
3413424,[]
3413423,[]
3413422,[]
3413421,[]
3413420,[]
3413419,[]
3413418,[]
3413417,[]
3413416,[]
3413415,[]
3413414,[]
3413413,[]
3413412,[]
3413411,[]
3413410,[]
3413409,[]
3413408,[]
3413407,[]
3413406,[]
3413405,[]
3413404,[]
3413403,[]
3413402,[]
3413401,[]
3413400,[]
3413399,[]
3413398,[]
3413397,[]
3413396,[]
3413395,[]
3413394,[]
3413393,[]
3413392,[]
3413391,[]
3413390,[]
3413389,[]
3413388,[]
3413387,[]
3413386,[]
3413385,[]
3413384,[]
3413383,[]
3413382,[]
3413381,[]
3413380,[]
3413379,[]
3413378,[]
3413377,[]
3413376,[]
3413375,[]
3413374,[]
3413373,[]
3413372,[]
3413371,[]
3413370,[]
3413369,[]
3413368,[]
3413367,[]
3413366,[]
3413365,[]
3413364,[]
3413363,[]
3413362,[]
3413361,[]
3413360,[]
3413359,[]
3413358,[]
3413357,[]
3413356,[]
3413355,[]
3413354,[]
3413353,[]
3413352,[]
3413351,[]
3413350,[]
3413349,[]
3413348,[]
3413347,[]
3413346,[]
3413345,[]
3413344,[]
3413343,[]
3413342,[]
3413341,[]
3413340,[]
3413339,[]
3413338,[]
3413337,[]
3413336,[]
3413335,[]
3413334,[]
3413333,[]
3413332,[]
3413331,[]
3413330,[]
3413329,[]
3413328,[]
3413327,[]
3413326,[]
3413325,[]
3413324,[]
3413323,[]
3413322,[]
3413321,[]
3413320,[]
3413319,[]
3413318,[]
3413317,[]
3413316,[]
3413315,[]
3413314,[]
3413313,[]
3413312,[]
3413311,[]
3413310,[]
3413309,[]
3413308,[]
3413307,[]
3413306,[]
3413305,[]
3413304,[]
3413303,[]
3413302,[]
3413301,[]
3413300,[]
3413299,[]
3413298,[]
3413297,[]
3413296,[]
3413295,[]
3413294,[]
3413293,[]
3413292,[]
3413291,[]
3413290,[]
3413289,[]
3413288,[]
3413287,[]
3413286,[]
3413285,[]
3413284,[]
3413283,[]
3413282,[]
3413281,[]
3413280,[]
3413279,[]
3413278,[]
3413277,[]
3413276,[]
3413275,[]
3413274,[]
3413273,[]
3413272,[]
3413271,[]
3413270,[]
3413269,[]
3413268,[]
3413267,[]
3413266,[]
3413265,[]
3413264,[]
3413263,[]
3413262,[]
3413261,[]
3413260,[]
3413259,[]
3413258,[]
3413257,[]
3413256,[]
3413255,[]
3413254,[]
3413253,[]
3413252,[]
3413251,[]
3413250,[]
3413249,[]
3413248,[]
3413247,[]
3413246,[]
3413245,[]
3413244,[]
3413243,[]
3413242,[]
3413241,[]
3413240,[]
3413239,[]
3413238,[]
3413237,[]
3413236,[]
3413235,[]
3413234,[]
3413233,[]
3413232,[]
3413231,[]
3413230,[]
3413229,[]
3413228,[]
3413227,[]
3413226,[]
3413225,[]
3413224,[]
3413223,[]
3413222,[]
3413221,[]
3413220,[]
3413219,[]
3413218,[]
3413217,[]
3413216,[]
3413215,[]
3413214,[]
3413213,[]
3413212,[]
3413211,[]
3413210,[]
3413209,[]
3413208,[]
3413207,[]
3413206,[]
3413205,[]
3413204,[]
3413203,[]
3413202,[]
3413201,[]
3413200,[]
3413199,[]
3413198,[]
3413197,[]
3413196,[]
3413195,[]
3413194,[]
3413193,[]
3413192,[]
3413191,[]
3413190,[]
3413189,[]
3413188,[]
3413187,[]
3413186,[]
3413185,[]
3413184,[]
3413183,[]
3413182,[]
3413181,[]
3413180,[]
3413179,[]
3413178,[]
3413177,[]
3413176,[]
3413175,[]
3413174,[]
3413173,[]
3413172,[]
3413171,[]
3413170,[]
3413169,[]
3413168,[]
3413167,[]
3413166,[]
3413165,[]
3413164,[]
3413163,[]
3413162,[]
3413161,[]
3413160,[]
3413159,[]
3413158,[]
3413157,[]
3413156,[]
3413155,[]
3413154,[]
3413153,[]
3413152,[]
3413151,[]
3413150,[]
3413149,[]
3413148,[]
3413147,[]
3413146,[]
3413145,[]
3413144,[]
3413143,[]
3413142,[]
3413141,[]
3413140,[]
3413139,[]
3413138,[]
3413137,[]
3413136,[]
3413135,[]
3413134,[]
3413133,[]
3413132,[]
3413131,[]
3413130,[]
3413129,[]
3413128,[]
3413127,[]
3413126,[]
3413125,[]
3413124,[]
3413123,[]
3413122,[]
3413121,[]
3413120,[]
3413119,[]
3413118,[]
3413117,[]
3413116,[]
3413115,[]
3413114,[]
3413113,[]
3413112,[]
3413111,[]
3413110,[]
3413109,[]
3413108,[]
3413107,[]
3413106,[]
3413105,[]
3413104,[]
3413103,[]
3413102,[]
3413101,[]
3413100,[]
3413099,[]
3413098,[]
3413097,[]
3413096,[]
3413095,[]
3413094,[]
3413093,[]
3413092,[]
3413091,[]
3413090,[]
3413089,[]
3413088,[]
3413087,[]
3413086,[]
3413085,[]
3413084,[]
3413083,[]
3413082,[]
3413081,[]
3413080,[]
3413079,[]
3413078,[]
3413077,[]
3413076,[]
3413075,[]
3413074,[]
3413073,[]
3413072,[]
3413071,[]
3413070,[]
3413069,[]
3413068,[]
3413067,[]
3413066,[]
3413065,[]
3413064,[]
3413063,[]
3413062,[]
3413061,[]
3413060,[]
3413059,[]
3413058,[]
3413057,[]
3413056,[]
3413055,[]
3413054,[]
3413053,[]
3413052,[]
3413051,[]
3413050,[]
3413049,[]
3413048,[]
3413047,[]
3413046,[]
3413045,[]
3413044,[]
3413043,[]
3413042,[]
3413041,[]
3413040,[]
3413039,[]
3413038,[]
3413037,[]
3413036,[]
3413035,[]
3413034,[]
3413033,[]
3413032,[]
3413031,[]
3413030,[]
3413029,[]
3413028,[]
3413027,[]
3413026,[]
3413025,[]
3413024,[]
3413023,[]
3413022,[]
3413021,[]
3413020,[]
3413019,[]
3413018,[]
3413017,[]
3413016,[]
3413015,[]
3413014,[]
3413013,[]
3413012,[]
3413011,[]
3413010,[]
3413009,[]
3413008,[]
3413007,[]
3413006,[]
3413005,[]
3413004,[]
3413003,[]
3413002,[]
3413001,[]
3413000,[]
3412999,[]
3412998,[]
3412997,[]
3412996,[]
3412995,[]
3412994,[]
3412993,[]
3412992,[]
3412991,[]
3412990,[]
3412989,[]
3412988,[]
3412987,[]
3412986,[]
3412985,[]
3412984,"[{'ID': 263, 'name': 'Crocus', 'type': 'Flower', 'quantity': 1, 'price': 4000000, 'market_price': 8154}, {'ID': 197, 'name': 'Ecstasy', 'type': 'Drug', 'quantity': 3, 'price': 4000000, 'market_price': 25205}, {'ID': 267, 'name': 'Heather', 'type': 'Flower', 'quantity': 1, 'price': 4000000, 'market_price': 41709}, {'ID': 258, 'name': 'Jaguar Plushie', 'type': 'Plushie', 'quantity': 1, 'price': 4000000, 'market_price': 16444}, {'ID': 215, 'name': 'Kitten Plushie', 'type': 'Plushie', 'quantity': 1, 'price': 4000000, 'market_price': 657}, {'ID': 199, 'name': 'LSD', 'type': 'Drug', 'quantity': 6, 'price': 4000000, 'market_price': 31920}, {'ID': 281, 'name': 'Lion Plushie', 'type': 'Plushie', 'quantity': 1, 'price': 4000000, 'market_price': 71842}, {'ID': 310, 'name': 'Lollipop', 'type': 'Candy', 'quantity': 183, 'price': 7000, 'market_price': 479}, {'ID': 264, 'name': 'Orchid', 'type': 'Flower', 'quantity': 1, 'price': 4000000, 'market_price': 27557}, {'ID': 417, 'name': 'RS232 Cable', 'type': 'Other', 'quantity': 83, 'price': 500, 'market_price': 40}, {'ID': 1204, 'name': 'Skeleton Key', 'type': 'Tool', 'quantity': 8, 'price': 4000000, 'market_price': 80082}, {'ID': 1082, 'name': 'Zip Wallet', 'type': 'Supply Pack', 'quantity': 2, 'price': 10000, 'market_price': 9993}]"
3412983,[]
3412982,[]
3412981,[]
3412980,[]
3412979,[]
3412978,[]
3412977,[]
3412976,[]
3412975,[]
3412974,[]
3412973,[]
3412972,[]
3412971,[]
3412970,[]
3412969,[]
3412968,[]
3412967,[]
3412966,[]
3412965,[]
3412964,[]
3412963,[]
3412962,[]
3412961,[]
3412960,[]
3412959,[]
3412958,[]
3412957,[]
3412956,[]
3412955,[]
3412954,[]
3412953,[]
3412952,[]
3412951,[]
3412950,[]
3412949,[]
3412948,[]
3412947,[]
3412946,[]
3412945,[]
3412944,[]
3412943,[]
3412942,[]
3412941,[]
3412940,[]
3412939,[]
3412938,[]
3412937,[]
3412936,[]
3412935,[]
3412934,[]
3412933,[]
3412932,[]
3412931,[]
3412930,[]
3412929,[]
3412928,[]
3412927,[]
3412926,[]
3412925,[]
3412924,[]
3412923,[]
3412922,[]
3412921,[]
3412920,[]
3412919,[]
3412918,[]
3412917,[]
3412916,[]
3412915,[]
3412914,[]
3412913,[]
3412912,[]
3412911,[]
3412910,[]
3412909,[]
3412908,[]
3412907,[]
3412906,[]
3412905,[]
3412904,[]
3412903,[]
3412902,[]
3412901,[]
3412900,[]
3412899,[]
3412898,[]
3412897,[]
3412896,[]
3412895,[]
3412894,[]
3412893,[]
3412892,[]
3412891,[]
3412890,[]
3412889,[]
3412888,[]
3412887,[]
3412886,[]
3412885,[]
3412884,[]
3412883,[]
3412882,[]
3412881,[]
3412880,[]
3412879,[]
3412878,[]
3412877,[]
3412876,[]
3412875,[]
3412874,[]
3412873,[]
3412872,[]
3412871,[]
3412870,[]
3412869,[]
3412868,[]
3412867,[]
3412866,[]
3412865,[]
3412864,[]
3412863,[]
3412862,[]
3412861,[]
3412860,[]
3412859,[]
3412858,[]
3412857,[]
3412856,[]
3412855,[]
3412854,[]
3412853,[]
3412852,[]
3412851,[]
3412850,[]
3412849,[]
3412848,[]
3412847,[]
3412846,[]
3412845,[]
3412844,[]
3412843,[]
3412842,[]
3412841,[]
3412840,[]
3412839,[]
3412838,[]
3412837,[]
3412836,[]
3412835,[]
3412834,[]
3412833,[]
3412832,[]
3412831,[]
3412830,[]
3412829,[]
3412828,[]
3412827,[]
3412826,[]
3412825,[]
3412824,[]
3412823,[]
3412822,[]
3412821,[]
3412820,[]
3412819,[]
3412818,[]
3412817,[]
3412816,[]
3412815,[]
3412814,[]
3412813,[]
3412812,[]
3412811,[]
3412810,[]
3412809,[]
3412808,[]
3412807,[]
3412806,[]
3412805,[]
3412804,[]
3412803,[]
3412802,[]
3412801,[]
3412800,[]
3412799,[]
3412798,[]
3412797,[]
3412796,[]
3412795,[]
3412794,[]
3412793,[]
3412792,[]
3412791,[]
3412790,[]
3412789,[]
3412788,[]
3412787,[]
3412786,[]
3412785,[]
3412784,[]
3412783,[]
3412782,[]
3412781,[]
3412780,[]
3412779,[]
3412778,[]
3412777,[]
3412776,[]
3412775,[]
3412774,[]
3412773,[]
3412772,[]
3412771,[]
3412770,[]
3412769,[]
3412768,[]
3412767,[]
3412766,[]
3412765,[]
3412764,[]
3412763,[]
3412762,[]
3412761,[]
3412760,[]
3412759,[]
3412758,[]
3412757,[]
3412756,[]
3412755,[]
3412754,[]
3412753,[]
3412752,[]
3412751,[]
3412750,[]
3412749,[]
3412748,[]
3412747,[]
3412746,[]
3412745,[]
3412744,[]
3412743,[]
3412742,[]
3412741,[]
3412740,[]
3412739,[]
3412738,[]
3412737,[]
3412736,[]
3412735,[]
3412734,[]
3412733,[]
3412732,[]
3412731,[]
3412730,[]
3412729,[]
3412728,[]
3412727,[]
3412726,[]
3412725,[]
3412724,[]
3412723,[]
3412722,[]
3412721,[]
3412720,[]
3412719,[]
3412718,[]
3412717,[]
3412716,[]
3412715,[]
3412714,[]
3412713,[]
3412712,[]
3412711,[]
3412710,[]
3412709,[]
3412708,[]
3412707,[]
3412706,[]
3412705,[]
3412704,[]
3412703,[]
3412702,[]
3412701,[]
3412700,[]
3412699,[]
3412698,[]
3412697,[]
3412696,[]
3412695,[]
3412694,[]
3412693,[]
3412692,[]
3412691,[]
3412690,[]
3412689,[]
3412688,[]
3412687,[]
3412686,[]
3412685,[]
3412684,[]
3412683,[]
3412682,[]
3412681,[]
3412680,[]
3412679,[]
3412678,[]
3412677,[]
3412676,[]
3412675,[]
3412674,[]
3412673,[]
3412672,[]
3412671,[]
3412670,[]
3412669,[]
3412668,[]
3412667,[]
3412666,[]
3412665,[]
3412664,[]
3412663,[]
3412662,[]
3412661,[]
3412660,[]
3412659,[]
3412658,[]
3412657,[]
3412656,[]
3412655,[]
3412654,[]
3412653,[]
3412652,[]
3412651,[]
3412650,[]
3412649,[]
3412648,[]
3412647,[]
3412646,[]
3412645,[]
3412644,[]
3412643,[]
3412642,[]
3412641,[]
3412640,[]
3412639,[]
3412638,[]
3412637,[]
3412636,[]
3412635,[]
3412634,[]
3412633,[]
3412632,[]
3412631,[]
3412630,[]
3412629,[]
3412628,[]
3412627,[]
3412626,[]
3412625,[]
3412624,[]
3412623,[]
3412622,[]
3412621,[]
3412620,[]
3412619,[]
3412618,[]
3412617,[]
3412616,[]
3412615,[]
3412614,[]
3412613,[]
3412612,[]
3412611,[]
3412610,[]
3412609,[]
3412608,[]
3412607,[]
3412606,[]
3412605,[]
3412604,[]
3412603,[]
3412602,[]
3412601,[]
3412600,[]
3412599,[]
3412598,[]
3412597,[]
3412596,[]
3412595,[]
3412594,[]
3412593,[]
3412592,[]
3412591,[]
3412590,[]
3412589,[]
3412588,[]
3412587,[]
3412586,[]
3412585,[]
3412584,[]
3412583,[]
3412582,[]
3412581,[]
3412580,[]
3412579,[]
3412578,[]
3412577,[]
3412576,[]
3412575,[]
3412574,[]
3412573,[]
3412572,[]
3412571,[]
3412570,[]
3412569,[]
3412568,[]
3412567,[]
3412566,[]
3412565,[]
3412564,[]
3412563,[]
3412562,[]
3412561,[]
3412560,[]
3412559,[]
3412558,[]
3412557,[]
3412556,[]
3412555,[]
3412554,[]
3412553,[]
3412552,[]
3412551,[]
3412550,[]
3412549,[]
3412548,[]
3412547,[]
3412546,[]
3412545,[]
3412544,[]
3412543,[]
3412542,[]
3412541,[]
3412540,[]
3412539,[]
3412538,[]
3412537,[]
3412536,[]
3412535,[]
3412534,[]
3412533,[]
3412532,[]
3412531,[]
3412530,[]
3412529,[]
3412528,[]
3412527,[]
3412526,[]
3412525,[]
3412524,[]
3412523,[]
3412522,[]
3412521,[]
3412520,[]
3412519,[]
3412518,[]
3412517,[]
3412516,[]
3412515,[]
3412514,[]
3412513,[]
3412512,[]
3412511,[]
3412510,[]
3412509,[]
3412508,[]
3412507,[]
3412506,[]
3412505,[]
3412504,[]
3412503,[]
3412502,[]
3412501,[]
3412500,[]
3412499,[]
3412498,[]
3412497,[]
3412496,[]
3412495,[]
3412494,[]
3412493,[]
3412492,[]
3412491,[]
3412490,[]
3412489,[]
3412488,[]
3412487,[]
3412486,[]
3412485,[]
3412484,[]
3412483,[]
3412482,[]
3412481,[]
3412480,[]
3412479,[]
3412478,[]
3412477,[]
3412476,[]
3412475,[]
3412474,[]
3412473,[]
3412472,[]
3412471,[]
3412470,[]
3412469,[]
3412468,[]
3412467,[]
3412466,[]
3412465,[]
3412464,[]
3412463,[]
3412462,[]
3412461,[]
3412460,[]
3412459,[]
3412458,[]
3412457,[]
3412456,[]
3412455,[]
3412454,[]
3412453,[]
3412452,[]
3412451,[]
3412450,[]
3412449,[]
3412448,[]
3412447,[]
3412446,[]
3412445,[]
3412444,[]
3412443,[]
3412442,[]
3412441,[]
3412440,[]
3412439,[]
3412438,[]
3412437,[]
3412436,[]
3412435,[]
3412434,[]
3412433,[]
3412432,[]
3412431,[]
3412430,[]
3412429,[]
3412428,[]
3412427,[]
3412426,[]
3412425,[]
3412424,[]
3412423,[]
3412422,[]
3412421,[]
3412420,[]
3412419,[]
3412418,[]
3412417,[]
3412416,[]
3412415,[]
3412414,[]
3412413,[]
3412412,[]
3412411,[]
3412410,[]
3412409,[]
3412408,[]
3412407,[]
3412406,[]
3412405,[]
3412404,[]
3412403,[]
3412402,[]
3412401,[]
3412400,[]
3412399,[]
3412398,[]
3412397,[]
3412396,[]
3412395,[]
3412394,[]
3412393,[]
3412392,[]
3412391,[]
3412390,[]
3412389,[]
3412388,[]
3412387,[]
3412386,[]
3412385,[]
3412384,[]
3412383,[]
3412382,[]
3412381,[]
3412380,[]
3412379,[]
3412378,[]
3412377,[]
3412376,[]
3412375,[]
3412374,[]
3412373,[]
3412372,[]
3412371,[]
3412370,[]
3412369,[]
3412368,[]
3412367,[]
3412366,[]
3412365,[]
3412364,[]
3412363,[]
3412362,[]
3412361,[]
3412360,[]
3412359,[]
3412358,[]
3412357,[]
3412356,[]
3412355,[]
3412354,[]
3412353,[]
3412352,[]
3412351,[]
3412350,[]
3412349,[]
3412348,[]
3412347,[]
3412346,[]
3412345,[]
3412344,[]
3412343,[]
3412342,[]
3412341,[]
3412340,[]
3412339,[]
3412338,[]
3412337,[]
3412336,[]
3412335,[]
3412334,[]
3412333,[]
3412332,[]
3412331,[]
3412330,[]
3412329,[]
3412328,[]
3412327,[]
3412326,[]
3412325,[]
3412324,[]
3412323,[]
3412322,[]
3412321,[]
3412320,[]
3412319,[]
3412318,[]
3412317,[]
3412316,[]
3412315,[]
3412314,[]
3412313,[]
3412312,[]
3412311,[]
3412310,[]
3412309,[]
3412308,[]
3412307,[]
3412306,[]
3412305,[]
3412304,[]
3412303,[]
3412302,[]
3412301,[]
3412300,[]
3412299,[]
3412298,[]
3412297,[]
3412296,[]
3412295,[]
3412294,[]
3412293,[]
3412292,[]
3412291,[]
3412290,[]
3412289,[]
3412288,[]
3412287,[]
3412286,[]
3412285,[]
3412284,[]
3412283,[]
3412282,[]
3412281,[]
3412280,[]
3412279,[]
3412278,[]
3412277,[]
3412276,[]
3412275,[]
3412274,[]
3412273,[]
3412272,[]
3412271,[]
3412270,[]
3412269,[]
3412268,[]
3412267,[]
3412266,[]
3412265,[]
3412264,[]
3412263,[]
3412262,[]
3412261,[]
3412260,[]
3412259,[]
3412258,[]
3412257,[]
3412256,[]
3412255,[]
3412254,[]
3412253,[]
3412252,[]
3412251,[]
3412250,[]
3412249,[]
3412248,[]
3412247,[]
3412246,[]
3412245,[]
3412244,[]
3412243,[]
3412242,[]
3412241,[]
3412240,[]
3412239,[]
3412238,[]
3412237,[]
3412236,[]
3412235,[]
3412234,[]
3412233,[]
3412232,[]
3412231,[]
3412230,[]
3412229,[]
3412228,[]
3412227,[]
3412226,[]
3412225,[]
3412224,[]
3412223,[]
3412222,[]
3412221,[]
3412220,[]
3412219,[]
3412218,[]
3412217,[]
3412216,[]
3412215,[]
3412214,[]
3412213,[]
3412212,[]
3412211,[]
3412210,[]
3412209,[]
3412208,[]
3412207,[]
3412206,[]
3412205,[]
3412204,[]
3412203,[]
3412202,[]
3412201,[]
3412200,[]
3412199,[]
3412198,[]
3412197,[]
3412196,[]
3412195,[]
3412194,[]
3412193,[]
3412192,[]
3412191,[]
3412190,[]
3412189,[]
3412188,[]
3412187,[]
3412186,[]
3412185,[]
3412184,[]
3412183,[]
3412182,[]
3412181,[]
3412180,[]
3412179,[]
3412178,[]
3412177,[]
3412176,[]
3412175,[]
3412174,[]
3412173,[]
3412172,[]
3412171,[]
3412170,[]
3412169,[]
3412168,[]
3412167,[]
3412166,[]
3412165,[]
3412164,[]
3412163,[]
3412162,[]
3412161,[]
3412160,[]
3412159,[]
3412158,[]
3412157,[]
3412156,[]
3412155,[]
3412154,[]
3412153,[]
3412152,[]
3412151,[]
3412150,[]
3412149,[]
3412148,[]
3412147,[]
3412146,[]
3412145,[]
3412144,[]
3412143,[]
3412142,[]
3412141,[]
3412140,[]
3412139,[]
3412138,[]
3412137,[]
3412136,[]
3412135,[]
3412134,[]
3412133,[]
3412132,[]
3412131,[]
3412130,[]
3412129,[]
3412128,[]
3412127,[]
3412126,[]
3412125,[]
3412124,[]
3412123,[]
3412122,[]
3412121,[]
3412120,[]
3412119,[]
3412118,[]
3412117,[]
3412116,[]
3412115,[]
3412114,[]
3412113,[]
3412112,[]
3412111,[]
3412110,[]
3412109,[]
3412108,[]
3412107,[]
3412106,[]
3412105,[]
3412104,[]
3412103,[]
3412102,[]
3412101,[]
3412100,[]
3412099,[]
3412098,[]
3412097,[]
3412096,[]
3412095,[]
3412094,[]
3412093,[]
3412092,[]
3412091,[]
3412090,[]
3412089,[]
3412088,[]
3412087,[]
3412086,[]
3412085,[]
3412084,[]
3412083,[]
3412082,[]
3412081,[]
3412080,[]
3412079,[]
3412078,[]
3412077,[]
3412076,[]
3412075,[]
3412074,[]
3412073,[]
3412072,[]
3412071,[]
3412070,[]
3412069,[]
3412068,[]
3412067,[]
3412066,[]
3412065,[]
3412064,[]
3412063,[]
3412062,[]
3412061,[]
3412060,[]
3412059,[]
3412058,[]
3412057,[]
3412056,[]
3412055,[]
3412054,[]
3412053,[]
3412052,[]
3412051,[]
3412050,[]
3412049,[]
3412048,[]
3412047,[]
3412046,[]
3412045,[]
3412044,[]
3412043,[]
3412042,[]
3412041,[]
3412040,[]
3412039,[]
3412038,[]
3412037,[]
3412036,[]
3412035,[]
3412034,[]
3412033,[]
3412032,[]
3412031,[]
3412030,[]
3412029,[]
3412028,[]
3412027,[]
3412026,[]
3412025,[]
3412024,[]
3412023,[]
3412022,[]
3412021,[]
3412020,[]
3412019,[]
3412018,[]
3412017,[]
3412016,[]
3412015,[]
3412014,[]
3412013,[]
3412012,[]
3412011,[]
3412010,[]
3412009,[]
3412008,[]
3412007,[]
3412006,[]
3412005,[]
3412004,[]
3412003,[]
3412002,[]
3412001,[]
3412000,[]
3411999,[]
3411998,[]
3411997,[]
3411996,[]
3411995,[]
3411994,[]
3411993,[]
3411992,[]
3411991,[]
3411990,[]
3411989,[]
3411988,[]
3411987,[]
3411986,[]
3411985,[]
3411984,[]
3411983,[]
3411982,[]
3411981,[]
3411980,[]
3411979,[]
3411978,[]
3411977,[]
3411976,[]
3411975,[]
3411974,[]
3411973,[]
3411972,[]
3411971,[]
3411970,[]
3411969,[]
3411968,[]
3411967,[]
3411966,[]
3411965,[]
3411964,[]
3411963,[]
3411962,[]
3411961,[]
3411960,[]
3411959,[]
3411958,[]
3411957,[]
3411956,[]
3411955,[]
3411954,[]
3411953,[]
3411952,[]
3411951,[]
3411950,[]
3411949,[]
3411948,[]
3411947,[]
3411946,[]
3411945,[]
3411944,[]
3411943,[]
3411942,[]
3411941,[]
3411940,[]
3411939,[]
3411938,[]
3411937,[]
3411936,[]
3411935,[]
3411934,[]
3411933,[]
3411932,[]
3411931,[]
3411930,[]
3411929,[]
3411928,[]
3411927,[]
3411926,[]
3411925,[]
3411924,[]
3411923,[]
3411922,[]
3411921,[]
3411920,[]
3411919,[]
3411918,[]
3411917,[]
3411916,[]
3411915,[]
3411914,[]
3411913,[]
3411912,[]
3411911,[]
3411910,[]
3411909,[]
3411908,[]
3411907,[]
3411906,[]
3411905,[]
3411904,[]
3411903,[]
3411902,[]
3411901,[]
3411900,[]
3411899,[]
3411898,[]
3411897,[]
3411896,[]
3411895,[]
3411894,[]
3411893,[]
3411892,[]
3411891,[]
3411890,[]
3411889,[]
3411888,[]
3411887,[]
3411886,[]
3411885,[]
3411884,[]
3411883,[]
3411882,[]
3411881,[]
3411880,[]
3411879,[]
3411878,[]
3411877,[]
3411876,[]
3411875,[]
3411874,[]
3411873,[]
3411872,[]
3411871,[]
3411870,[]
3411869,[]
3411868,[]
3411867,[]
3411866,[]
3411865,[]
3411864,[]
3411863,[]
3411862,[]
3411861,[]
3411860,[]
3411859,[]
3411858,[]
3411857,[]
3411856,[]
3411855,[]
3411854,[]
3411853,[]
3411852,[]
3411851,[]
3411850,[]
3411849,[]
3411848,[]
3411847,[]
3411846,[]
3411845,[]
3411844,[]
3411843,[]
3411842,[]
3411841,[]
3411840,[]
3411839,[]
3411838,[]
3411837,[]
3411836,[]
3411835,[]
3411834,[]
3411833,[]
3411832,[]
3411831,[]
3411830,[]
3411829,[]
3411828,[]
3411827,[]
3411826,[]
3411825,[]
3411824,[]
3411823,[]
3411822,[]
3411821,[]
3411820,[]
3411819,[]
3411818,[]
3411817,[]
3411816,[]
3411815,[]
3411814,[]
3411813,[]
3411812,[]
3411811,[]
3411810,[]
3411809,[]
3411808,[]
3411807,[]
3411806,[]
3411805,[]
3411804,[]
3411803,[]
3411802,[]
3411801,[]
3411800,[]
3411799,[]
3411798,[]
3411797,[]
3411796,[]
3411795,[]
3411794,[]
3411793,[]
3411792,[]
3411791,[]
3411790,[]
3411789,[]
3411788,[]
3411787,[]
3411786,[]
3411785,[]
3411784,[]
3411783,[]
3411782,[]
3411781,[]
3411780,[]
3411779,[]
3411778,[]
3411777,[]
3411776,[]
3411775,[]
3411774,[]
3411773,[]
3411772,[]
3411771,[]
3411770,[]
3411769,[]
3411768,[]
3411767,[]
3411766,[]
3411765,[]
3411764,[]
3411763,[]
3411762,[]
3411761,[]
3411760,[]
3411759,[]
3411758,[]
3411757,[]
3411756,[]
3411755,[]
3411754,[]
3411753,[]
3411752,[]
3411751,[]
3411750,[]
3411749,[]
3411748,[]
3411747,[]
3411746,[]
3411745,[]
3411744,[]
3411743,[]
3411742,[]
3411741,[]
3411740,[]
3411739,[]
3411738,[]
3411737,[]
3411736,[]
3411735,[]
3411734,[]
3411733,[]
3411732,[]
3411731,[]
3411730,[]
3411729,[]
3411728,[]
3411727,[]
3411726,[]
3411725,[]
3411724,[]
3411723,[]
3411722,[]
3411721,[]
3411720,[]
3411719,[]
3411718,[]
3411717,[]
3411716,[]
3411715,[]
3411714,[]
3411713,[]
3411712,[]
3411711,[]
3411710,[]
3411709,[]
3411708,[]
3411707,[]
3411706,[]
3411705,[]
3411704,[]
3411703,[]
3411702,[]
3411701,[]
3411700,[]
3411699,[]
3411698,[]
3411697,[]
3411696,[]
3411695,[]
3411694,[]
3411693,[]
3411692,[]
3411691,[]
3411690,[]
3411689,[]
3411688,[]
3411687,[]
3411686,[]
3411685,[]
3411684,[]
3411683,[]
3411682,[]
3411681,[]
3411680,[]
3411679,[]
3411678,[]
3411677,[]
3411676,[]
3411675,[]
3411674,[]
3411673,[]
3411672,[]
3411671,[]
3411670,[]
3411669,[]
3411668,[]
3411667,[]
3411666,[]
3411665,[]
3411664,[]
3411663,[]
3411662,[]
3411661,[]
3411660,[]
3411659,[]
3411658,[]
3411657,[]
3411656,[]
3411655,[]
3411654,[]
3411653,[]
3411652,[]
3411651,[]
3411650,[]
3411649,[]
3411648,[]
3411647,[]
3411646,[]
3411645,[]
3411644,[]
3411643,[]
3411642,[]
3411641,[]
3411640,[]
3411639,[]
3411638,[]
3411637,[]
3411636,[]
3411635,[]
3411634,[]
3411633,[]
3411632,[]
3411631,[]
3411630,[]
3411629,[]
3411628,[]
3411627,[]
3411626,[]
3411625,[]
3411624,[]
3411623,[]
3411622,[]
3411621,[]
3411620,[]
3411619,[]
3411618,[]
3411617,[]
3411616,[]
3411615,[]
3411614,[]
3411613,[]
3411612,[]
3411611,[]
3411610,[]
3411609,[]
3411608,[]
3411607,[]
3411606,[]
3411605,[]
3411604,[]
3411603,[]
3411602,[]
3411601,[]
3411600,[]
3411599,[]
3411598,[]
3411597,[]
3411596,[]
3411595,[]
3411594,[]
3411593,[]
3411592,[]
3411591,[]
3411590,[]
3411589,[]
3411588,[]
3411587,[]
3411586,[]
3411585,[]
3411584,[]
3411583,[]
3411582,[]
3411581,[]
3411580,[]
3411579,[]
3411578,[]
3411577,[]
3411576,[]
3411575,[]
3411574,[]
3411573,[]
3411572,[]
3411571,[]
3411570,[]
3411569,[]
3411568,[]
3411567,[]
3411566,[]
3411565,[]
3411564,[]
3411563,[]
3411562,[]
3411561,[]
3411560,[]
3411559,[]
3411558,[]
3411557,[]
3411556,[]
3411555,[]
3411554,[]
3411553,[]
3411552,[]
3411551,[]
3411550,[]
3411549,[]
3411548,[]
3411547,[]
3411546,[]
3411545,[]
3411544,[]
3411543,[]
3411542,[]
3411541,[]
3411540,[]
3411539,[]
3411538,[]
3411537,[]
3411536,[]
3411535,[]
3411534,[]
3411533,[]
3411532,[]
3411531,[]
3411530,[]
3411529,[]
3411528,[]
3411527,[]
3411526,[]
3411525,[]
3411524,[]
3411523,[]
3411522,[]
3411521,[]
3411520,[]
3411519,[]
3411518,[]
3411517,[]
3411516,[]
3411515,[]
3411514,[]
3411513,[]
3411512,[]
3411511,[]
3411510,[]
3411509,[]
3411508,[]
3411507,[]
3411506,[]
3411505,[]
3411504,[]
3411503,[]
3411502,[]
3411501,[]
3411500,[]
3411499,[]
3411498,[]
3411497,[]
3411496,[]
3411495,[]
3411494,[]
3411493,[]
3411492,[]
3411491,[]
3411490,[]
3411489,[]
3411488,[]
3411487,[]
3411486,[]
3411485,[]
3411484,[]
3411483,[]
3411482,[]
3411481,[]
3411480,[]
3411479,[]
3411478,[]
3411477,[]
3411476,[]
3411475,[]
3411474,[]
3411473,[]
3411472,[]
3411471,[]
3411470,[]
3411469,[]
3411468,[]
3411467,[]
3411466,[]
3411465,[]
3411464,[]
3411463,[]
3411462,[]
3411461,[]
3411460,[]
3411459,[]
3411458,[]
3411457,[]
3411456,[]
3411455,[]
3411454,[]
3411453,[]
3411452,[]
3411451,[]
3411450,[]
3411449,[]
3411448,[]
3411447,[]
3411446,[]
3411445,[]
3411444,[]
3411443,[]
3411442,[]
3411441,[]
3411440,[]
3411439,[]
3411438,[]
3411437,[]
3411436,[]
3411435,[]
3411434,[]
3411433,[]
3411432,[]
3411431,[]
3411430,[]
3411429,[]
3411428,[]
3411427,[]
3411426,[]
3411425,[]
3411424,[]
3411423,[]
3411422,[]
3411421,[]
3411420,[]
3411419,[]
3411418,[]
3411417,[]
3411416,[]
3411415,[]
3411414,[]
3411413,[]
3411412,[]
3411411,[]
3411410,[]
3411409,[]
3411408,[]
3411407,[]
3411406,[]
3411405,[]
3411404,[]
3411403,[]
3411402,[]
3411401,[]
3411400,[]
3411399,[]
3411398,[]
3411397,[]
3411396,[]
3411395,[]
3411394,[]
3411393,[]
3411392,[]
3411391,[]
3411390,[]
3411389,[]
3411388,[]
3411387,[]
3411386,[]
3411385,[]
3411384,[]
3411383,[]
3411382,[]
3411381,[]
3411380,[]
3411379,[]
3411378,[]
3411377,[]
3411376,[]
3411375,[]
3411374,[]
3411373,[]
3411372,[]
3411371,[]
3411370,[]
3411369,[]
3411368,[]
3411367,[]
3411366,[]
3411365,[]
3411364,[]
3411363,[]
3411362,[]
3411361,[]
3411360,[]
3411359,[]
3411358,[]
3411357,[]
3411356,[]
3411355,[]
3411354,[]
3411353,[]
3411352,[]
3411351,[]
3411350,[]
3411349,[]
3411348,[]
3411347,[]
3411346,[]
3411345,[]
3411344,[]
3411343,[]
3411342,[]
3411341,[]
3411340,[]
3411339,[]
3411338,[]
3411337,[]
3411336,[]
3411335,[]
3411334,[]
3411333,[]
3411332,[]
3411331,[]
3411330,[]
3411329,[]
3411328,[]
3411327,[]
3411326,[]
3411325,[]
3411324,[]
3411323,[]
3411322,[]
3411321,[]
3411320,[]
3411319,[]
3411318,[]
3411317,[]
3411316,[]
3411315,[]
3411314,[]
3411313,[]
3411312,[]
3411311,[]
3411310,[]
3411309,[]
3411308,[]
3411307,[]
3411306,[]
3411305,[]
3411304,[]
3411303,[]
3411302,[]
3411301,[]
3411300,[]
3411299,[]
3411298,[]
3411297,[]
3411296,[]
3411295,[]
3411294,[]
3411293,[]
3411292,[]
3411291,[]
3411290,[]
3411289,[]
3411288,[]
3411287,[]
3411286,[]
3411285,[]
3411284,[]
3411283,[]
3411282,[]
3411281,[]
3411280,[]
3411279,[]
3411278,[]
3411277,[]
3411276,[]
3411275,[]
3411274,[]
3411273,[]
3411272,[]
3411271,[]
3411270,[]
3411269,[]
3411268,[]
3411267,[]
3411266,[]
3411265,[]
3411264,[]
3411263,[]
3411262,[]
3411261,[]
3411260,[]
3411259,[]
3411258,[]
3411257,[]
3411256,[]
3411255,[]
3411254,[]
3411253,[]
3411252,[]
3411251,[]
3411250,[]
3411249,[]
3411248,[]
3411247,[]
3411246,[]
3411245,[]
3411244,[]
3411243,[]
3411242,[]
3411241,[]
3411240,[]
3411239,[]
3411238,[]
3411237,[]
3411236,[]
3411235,[]
3411234,[]
3411233,[]
3411232,[]
3411231,[]
3411230,[]
3411229,[]
3411228,[]
3411227,[]
3411226,[]
3411225,[]
3411224,[]
3411223,[]
3411222,[]
3411221,[]
3411220,[]
3411219,[]
3411218,[]
3411217,[]
3411216,[]
3411215,[]
3411214,[]
3411213,[]
3411212,[]
3411211,[]
3411210,[]
3411209,[]
3411208,[]
3411207,[]
3411206,[]
3411205,[]
3411204,[]
3411203,[]
3411202,[]
3411201,[]
3411200,[]
3411199,[]
3411198,[]
3411197,[]
3411196,[]
3411195,[]
3411194,[]
3411193,[]
3411192,[]
3411191,[]
3411190,[]
3411189,[]
3411188,[]
3411187,[]
3411186,[]
3411185,[]
3411184,[]
3411183,[]
3411182,[]
3411181,[]
3411180,[]
3411179,[]
3411178,[]
3411177,[]
3411176,[]
3411175,[]
3411174,[]
3411173,[]
3411172,[]
3411171,[]
3411170,[]
3411169,[]
3411168,[]
3411167,[]
3411166,[]
3411165,[]
3411164,[]
3411163,[]
3411162,[]
3411161,[]
3411160,[]
3411159,[]
3411158,[]
3411157,[]
3411156,[]
3411155,[]
3411154,[]
3411153,[]
3411152,[]
3411151,[]
3411150,[]
3411149,[]
3411148,[]
3411147,[]
3411146,[]
3411145,[]
3411144,[]
3411143,[]
3411142,[]
3411141,[]
3411140,[]
3411139,[]
3411138,[]
3411137,[]
3411136,[]
3411135,[]
3411134,[]
3411133,[]
3411132,[]
3411131,[]
3411130,[]
3411129,[]
3411128,[]
3411127,[]
3411126,[]
3411125,[]
3411124,[]
3411123,[]
3411122,[]
3411121,[]
3411120,[]
3411119,[]
3411118,[]
3411117,[]
3411116,[]
3411115,[]
3411114,[]
3411113,[]
3411112,[]
3411111,[]
3411110,[]
3411109,[]
3411108,[]
3411107,[]
3411106,[]
3411105,[]
3411104,[]
3411103,[]
3411102,[]
3411101,[]
3411100,[]
3411099,[]
3411098,[]
3411097,[]
3411096,[]
3411095,[]
3411094,[]
3411093,[]
3411092,[]
3411091,[]
3411090,[]
3411089,[]
3411088,[]
3411087,[]
3411086,[]
3411085,[]
3411084,[]
3411083,[]
3411082,[]
3411081,[]
3411080,[]
3411079,[]
3411078,[]
3411077,[]
3411076,[]
3411075,[]
3411074,[]
3411073,[]
3411072,[]
3411071,[]
3411070,[]
3411069,[]
3411068,[]
3411067,[]
3411066,[]
3411065,[]
3411064,[]
3411063,[]
3411062,[]
3411061,[]
3411060,[]
3411059,[]
3411058,[]
3411057,[]
3411056,[]
3411055,[]
3411054,[]
3411053,[]
3411052,[]
3411051,[]
3411050,[]
3411049,[]
3411048,[]
3411047,[]
3411046,[]
3411045,[]
3411044,[]
3411043,[]
3411042,[]
3411041,[]
3411040,[]
3411039,[]
3411038,[]
3411037,[]
3411036,[]
3411035,[]
3411034,[]
3411033,[]
3411032,[]
3411031,[]
3411030,[]
3411029,[]
3411028,[]
3411027,[]
3411026,[]
3411025,[]
3411024,[]
3411023,[]
3411022,[]
3411021,[]
3411020,[]
3411019,[]
3411018,[]
3411017,[]
3411016,[]
3411015,[]
3411014,[]
3411013,[]
3411012,[]
3411011,[]
3411010,[]
3411009,[]
3411008,[]
3411007,[]
3411006,[]
3411005,[]
3411004,[]
3411003,[]
3411002,[]
3411001,[]
3411000,[]
3410999,[]
3410998,[]
3410997,[]
3410996,[]
3410995,[]
3410994,[]
3410993,[]
3410992,[]
3410991,[]
3410990,[]
3410989,[]
3410988,[]
3410987,[]
3410986,[]
3410985,[]
3410984,[]
3410983,[]
3410982,[]
3410981,[]
3410980,[]
3410979,[]
3410978,[]
3410977,[]
3410976,[]
3410975,[]
3410974,[]
3410973,[]
3410972,[]
3410971,[]
3410970,[]
3410969,[]
3410968,[]
3410967,[]
3410966,[]
3410965,[]
3410964,[]
3410963,[]
3410962,[]
3410961,[]
3410960,[]
3410959,[]
3410958,[]
3410957,[]
3410956,[]
3410955,[]
3410954,[]
3410953,[]
3410952,[]
3410951,[]
3410950,[]
3410949,[]
3410948,[]
3410947,[]
3410946,[]
3410945,[]
3410944,[]
3410943,[]
3410942,[]
3410941,[]
3410940,[]
3410939,[]
3410938,[]
3410937,[]
3410936,[]
3410935,[]
3410934,[]
3410933,[]
3410932,[]
3410931,[]
3410930,[]
3410929,[]
3410928,[]
3410927,[]
3410926,[]
3410925,[]
3410924,[]
3410923,[]
3410922,[]
3410921,[]
3410920,[]
3410919,[]
3410918,[]
3410917,[]
3410916,[]
3410915,[]
3410914,[]
3410913,[]
3410912,[]
3410911,[]
3410910,[]
3410909,[]
3410908,[]
3410907,[]
3410906,[]
3410905,[]
3410904,[]
3410903,[]
3410902,[]
3410901,[]
3410900,[]
3410899,[]
3410898,[]
3410897,[]
3410896,[]
3410895,[]
3410894,[]
3410893,[]
3410892,[]
3410891,[]
3410890,[]
3410889,[]
3410888,[]
3410887,[]
3410886,[]
3410885,[]
3410884,[]
3410883,[]
3410882,[]
3410881,[]
3410880,[]
3410879,[]
3410878,[]
3410877,[]
3410876,[]
3410875,[]
3410874,[]
3410873,[]
3410872,[]
3410871,[]
3410870,[]
3410869,[]
3410868,[]
3410867,[]
3410866,[]
3410865,[]
3410864,[]
3410863,[]
3410862,[]
3410861,[]
3410860,[]
3410859,[]
3410858,[]
3410857,[]
3410856,[]
3410855,[]
3410854,[]
3410853,[]
3410852,[]
3410851,[]
3410850,[]
3410849,[]
3410848,[]
3410847,[]
3410846,[]
3410845,[]
3410844,[]
3410843,[]
3410842,[]
3410841,[]
3410840,[]
3410839,[]
3410838,[]
3410837,[]
3410836,[]
3410835,[]
3410834,[]
3410833,[]
3410832,[]
3410831,[]
3410830,[]
3410829,[]
3410828,[]
3410827,[]
3410826,[]
3410825,[]
3410824,[]
3410823,[]
3410822,[]
3410821,[]
3410820,[]
3410819,[]
3410818,[]
3410817,[]
3410816,[]
3410815,[]
3410814,[]
3410813,[]
3410812,[]
3410811,[]
3410810,[]
3410809,[]
3410808,[]
3410807,[]
3410806,[]
3410805,[]
3410804,[]
3410803,[]
3410802,[]
3410801,[]
3410800,[]
3410799,[]
3410798,[]
3410797,[]
3410796,[]
3410795,[]
3410794,[]
3410793,[]
3410792,[]
3410791,[]
3410790,[]
3410789,[]
3410788,[]
3410787,[]
3410786,[]
3410785,[]
3410784,[]
3410783,[]
3410782,[]
3410781,[]
3410780,[]
3410779,[]
3410778,[]
3410777,[]
3410776,[]
3410775,[]
3410774,[]
3410773,[]
3410772,[]
3410771,[]
3410770,[]
3410769,[]
3410768,[]
3410767,[]
3410766,[]
3410765,[]
3410764,[]
3410763,[]
3410762,[]
3410761,[]
3410760,[]
3410759,[]
3410758,[]
3410757,[]
3410756,[]
3410755,[]
3410754,[]
3410753,[]
3410752,[]
3410751,[]
3410750,[]
3410749,[]
3410748,[]
3410747,[]
3410746,[]
3410745,[]
3410744,[]
3410743,[]
3410742,[]
3410741,[]
3410740,[]
3410739,[]
3410738,[]
3410737,[]
3410736,[]
3410735,[]
3410734,[]
3410733,[]
3410732,[]
3410731,[]
3410730,[]
3410729,[]
3410728,[]
3410727,[]
3410726,[]
3410725,[]
3410724,[]
3410723,[]
3410722,[]
3410721,[]
3410720,[]
3410719,[]
3410718,[]
3410717,[]
3410716,[]
3410715,[]
3410714,[]
3410713,[]
3410712,[]
3410711,[]
3410710,[]
3410709,[]
3410708,[]
3410707,[]
3410706,[]
3410705,[]
3410704,[]
3410703,[]
3410702,[]
3410701,[]
3410700,[]
3410699,[]
3410698,[]
3410697,[]
3410696,[]
3410695,[]
3410694,[]
3410693,[]
3410692,[]
3410691,[]
3410690,[]
3410689,[]
3410688,[]
3410687,[]
3410686,[]
3410685,[]
3410684,[]
3410683,[]
3410682,[]
3410681,[]
3410680,[]
3410679,[]
3410678,[]
3410677,[]
3410676,[]
3410675,[]
3410674,[]
3410673,[]
3410672,[]
3410671,[]
3410670,[]
3410669,[]
3410668,[]
3410667,[]
3410666,[]
3410665,[]
3410664,[]
3410663,[]
3410662,[]
3410661,[]
3410660,[]
3410659,[]
3410658,[]
3410657,[]
3410656,[]
3410655,[]
3410654,[]
3410653,[]
3410652,[]
3410651,[]
3410650,[]
3410649,[]
3410648,[]
3410647,[]
3410646,[]
3410645,[]
3410644,[]
3410643,[]
3410642,[]
3410641,[]
3410640,[]
3410639,[]
3410638,[]
3410637,[]
3410636,[]
3410635,[]
3410634,[]
3410633,[]
3410632,[]
3410631,[]
3410630,[]
3410629,[]
3410628,[]
3410627,[]
3410626,[]
3410625,[]
3410624,[]
3410623,[]
3410622,[]
3410621,[]
3410620,[]
3410619,[]
3410618,[]
3410617,[]
3410616,[]
3410615,[]
3410614,[]
3410613,[]
3410612,[]
3410611,[]
3410610,[]
3410609,[]
3410608,[]
3410607,[]
3410606,[]
3410605,[]
3410604,[]
3410603,[]
3410602,[]
3410601,[]
3410600,[]
3410599,[]
3410598,[]
3410597,[]
3410596,[]
3410595,[]
3410594,[]
3410593,[]
3410592,[]
3410591,[]
3410590,[]
3410589,[]
3410588,[]
3410587,[]
3410586,[]
3410585,[]
3410584,[]
3410583,[]
3410582,[]
3410581,[]
3410580,[]
3410579,[]
3410578,[]
3410577,[]
3410576,[]
3410575,[]
3410574,[]
3410573,[]
3410572,[]
3410571,[]
3410570,[]
3410569,[]
3410568,[]
3410567,[]
3410566,[]
3410565,[]
3410564,[]
3410563,[]
3410562,[]
3410561,[]
3410560,[]
3410559,[]
3410558,[]
3410557,[]
3410556,[]
3410555,[]
3410554,[]
3410553,[]
3410552,[]
3410551,[]
3410550,[]
3410549,[]
3410548,[]
3410547,[]
3410546,[]
3410545,[]
3410544,[]
3410543,[]
3410542,[]
3410541,[]
3410540,[]
3410539,[]
3410538,[]
3410537,[]
3410536,[]
3410535,[]
3410534,[]
3410533,[]
3410532,[]
3410531,[]
3410530,[]
3410529,[]
3410528,[]
3410527,[]
3410526,[]
3410525,[]
3410524,[]
3410523,[]
3410522,[]
3410521,[]
3410520,[]
3410519,[]
3410518,[]
3410517,[]
3410516,[]
3410515,[]
3410514,[]
3410513,[]
3410512,[]
3410511,[]
3410510,[]
3410509,[]
3410508,[]
3410507,[]
3410506,[]
3410505,[]
3410504,[]
3410503,[]
3410502,[]
3410501,[]
3410500,[]
3410499,[]
3410498,[]
3410497,[]
3410496,[]
3410495,[]
3410494,[]
3410493,[]
3410492,[]
3410491,[]
3410490,[]
3410489,[]
3410488,[]
3410487,[]
3410486,[]
3410485,[]
3410484,[]
3410483,[]
3410482,[]
3410481,[]
3410480,[]
3410479,[]
3410478,[]
3410477,[]
3410476,[]
3410475,[]
3410474,[]
3410473,[]
3410472,[]
3410471,[]
3410470,[]
3410469,[]
3410468,[]
3410467,[]
3410466,[]
3410465,[]
3410464,[]
3410463,[]
3410462,[]
3410461,[]
3410460,[]
3410459,[]
3410458,[]
3410457,[]
3410456,[]
3410455,[]
3410454,[]
3410453,[]
3410452,[]
3410451,[]
3410450,[]
3410449,[]
3410448,[]
3410447,[]
3410446,[]
3410445,[]
3410444,[]
3410443,[]
3410442,[]
3410441,[]
3410440,[]
3410439,[]
3410438,[]
3410437,[]
3410436,[]
3410435,[]
3410434,[]
3410433,[]
3410432,[]
3410431,[]
3410430,[]
3410429,[]
3410428,[]
3410427,[]
3410426,[]
3410425,[]
3410424,[]
3410423,[]
3410422,[]
3410421,[]
3410420,[]
3410419,[]
3410418,[]
3410417,[]
3410416,[]
3410415,[]
3410414,[]
3410413,[]
3410412,[]
3410411,[]
3410410,[]
3410409,[]
3410408,[]
3410407,[]
3410406,[]
3410405,[]
3410404,[]
3410403,[]
3410402,[]
3410401,[]
3410400,[]
3410399,[]
3410398,[]
3410397,[]
3410396,[]
3410395,[]
3410394,[]
3410393,[]
3410392,[]
3410391,[]
3410390,[]
3410389,[]
3410388,[]
3410387,[]
3410386,[]
3410385,[]
3410384,[]
3410383,[]
3410382,[]
3410381,[]
3410380,[]
3410379,[]
3410378,[]
3410377,[]
3410376,[]
3410375,[]
3410374,[]
3410373,[]
3410372,[]
3410371,[]
3410370,[]
3410369,[]
3410368,[]
3410367,[]
3410366,[]
3410365,[]
3410364,[]
3410363,[]
3410362,[]
3410361,[]
3410360,[]
3410359,[]
3410358,[]
3410357,[]
3410356,[]
3410355,[]
3410354,[]
3410353,[]
3410352,[]
3410351,[]
3410350,[]
3410349,[]
3410348,[]
3410347,[]
3410346,[]
3410345,[]
3410344,[]
3410343,[]
3410342,[]
3410341,[]
3410340,[]
3410339,[]
3410338,[]
3410337,[]
3410336,[]
3410335,[]
3410334,[]
3410333,[]
3410332,[]
3410331,[]
3410330,[]
3410329,[]
3410328,[]
3410327,[]
3410326,[]
3410325,[]
3410324,[]
3410323,[]
3410322,[]
3410321,[]
3410320,[]
3410319,[]
3410318,[]
3410317,[]
3410316,[]
3410315,[]
3410314,[]
3410313,[]
3410312,[]
3410311,[]
3410310,[]
3410309,[]
3410308,[]
3410307,[]
3410306,[]
3410305,[]
3410304,[]
3410303,[]
3410302,[]
3410301,[]
3410300,[]
3410299,[]
3410298,[]
3410297,[]
3410296,[]
3410295,[]
3410294,[]
3410293,[]
3410292,[]
3410291,[]
3410290,[]
3410289,[]
3410288,[]
3410287,[]
3410286,[]
3410285,[]
3410284,[]
3410283,[]
3410282,[]
3410281,[]
3410280,[]
3410279,[]
3410278,[]
3410277,[]
3410276,[]
3410275,[]
3410274,[]
3410273,[]
3410272,[]
3410271,[]
3410270,[]
3410269,[]
3410268,[]
3410267,[]
3410266,[]
3410265,[]
3410264,[]
3410263,[]
3410262,[]
3410261,[]
3410260,[]
3410259,[]
3410258,[]
3410257,[]
3410256,[]
3410255,[]
3410254,[]
3410253,[]
3410252,[]
3410251,[]
3410250,[]
3410249,[]
3410248,[]
3410247,[]
3410246,[]
3410245,[]
3410244,[]
3410243,[]
3410242,[]
3410241,[]
3410240,[]
3410239,[]
3410238,[]
3410237,[]
3410236,[]
3410235,[]
3410234,[]
3410233,[]
3410232,[]
3410231,[]
3410230,[]
3410229,[]
3410228,[]
3410227,[]
3410226,[]
3410225,[]
3410224,[]
3410223,[]
3410222,[]
3410221,[]
3410220,[]
3410219,[]
3410218,[]
3410217,[]
3410216,[]
3410215,[]
3410214,[]
3410213,[]
3410212,[]
3410211,[]
3410210,[]
3410209,[]
3410208,[]
3410207,[]
3410206,[]
3410205,[]
3410204,[]
3410203,[]
3410202,[]
3410201,[]
3410200,[]
3410199,[]
3410198,[]
3410197,[]
3410196,[]
3410195,[]
3410194,[]
3410193,[]
3410192,[]
3410191,[]
3410190,[]
3410189,[]
3410188,[]
3410187,[]
3410186,[]
3410185,[]
3410184,[]
3410183,[]
3410182,[]
3410181,[]
3410180,[]
3410179,[]
3410178,[]
3410177,[]
3410176,[]
3410175,[]
3410174,[]
3410173,[]
3410172,[]
3410171,[]
3410170,[]
3410169,[]
3410168,[]
3410167,[]
3410166,[]
3410165,[]
3410164,[]
3410163,[]
3410162,[]
3410161,[]
3410160,[]
3410159,[]
3410158,[]
3410157,[]
3410156,[]
3410155,[]
3410154,[]
3410153,[]
3410152,[]
3410151,[]
3410150,[]
3410149,[]
3410148,[]
3410147,[]
3410146,[]
3410145,[]
3410144,[]
3410143,[]
3410142,[]
3410141,[]
3410140,[]
3410139,[]
3410138,[]
3410137,[]
3410136,[]
3410135,[]
3410134,[]
3410133,[]
3410132,[]
3410131,[]
3410130,[]
3410129,[]
3410128,[]
3410127,[]
3410126,[]
3410125,[]
3410124,[]
3410123,[]
3410122,[]
3410121,[]
3410120,[]
3410119,[]
3410118,[]
3410117,[]
3410116,[]
3410115,[]
3410114,[]
3410113,[]
3410112,[]
3410111,[]
3410110,[]
3410109,[]
3410108,[]
3410107,[]
3410106,[]
3410105,[]
3410104,[]
3410103,[]
3410102,[]
3410101,[]
3410100,[]
3410099,[]
3410098,[]
3410097,[]
3410096,[]
3410095,[]
3410094,[]
3410093,[]
3410092,[]
3410091,[]
3410090,[]
3410089,[]
3410088,[]
3410087,[]
3410086,[]
3410085,[]
3410084,[]
3410083,[]
3410082,[]
3410081,[]
3410080,[]
3410079,[]
3410078,[]
3410077,[]
3410076,[]
3410075,[]
3410074,[]
3410073,[]
3410072,[]
3410071,[]
3410070,[]
3410069,[]
3410068,[]
3410067,[]
3410066,[]
3410065,[]
3410064,[]
3410063,[]
3410062,[]
3410061,[]
3410060,[]
3410059,[]
3410058,[]
3410057,[]
3410056,[]
3410055,[]
3410054,[]
3410053,[]
3410052,[]
3410051,[]
3410050,[]
3410049,[]
3410048,[]
3410047,[]
3410046,[]
3410045,[]
3410044,[]
3410043,[]
3410042,[]
3410041,[]
3410040,[]
3410039,[]
3410038,[]
3410037,[]
3410036,[]
3410035,[]
3410034,[]
3410033,[]
3410032,[]
3410031,[]
3410030,[]
3410029,[]
3410028,[]
3410027,[]
3410026,[]
3410025,[]
3410024,[]
3410023,[]
3410022,[]
3410021,[]
3410020,[]
3410019,[]
3410018,[]
3410017,[]
3410016,[]
3410015,[]
3410014,[]
3410013,[]
3410012,[]
3410011,[]
3410010,[]
3410009,[]
3410008,[]
3410007,[]
3410006,[]
3410005,[]
3410004,[]
3410003,[]
3410002,[]
3410001,[]
3410000,[]
3409999,[]
3409998,[]
3409997,[]
3409996,[]
3409995,[]
3409994,[]
3409993,[]
3409992,[]
3409991,[]
3409990,[]
3409989,[]
3409988,[]
3409987,[]
3409986,[]
3409985,[]
3409984,[]
3409983,[]
3409982,[]
3409981,[]
3409980,[]
3409979,[]
3409978,[]
3409977,[]
3409976,[]
3409975,[]
3409974,[]
3409973,[]
3409972,[]
3409971,[]
3409970,[]
3409969,[]
3409968,[]
3409967,[]
3409966,[]
3409965,[]
3409964,[]
3409963,[]
3409962,[]
3409961,[]
3409960,[]
3409959,[]
3409958,[]
3409957,[]
3409956,[]
3409955,[]
3409954,[]
3409953,[]
3409952,[]
3409951,[]
3409950,[]
3409949,[]
3409948,[]
3409947,[]
3409946,[]
3409945,[]
3409944,[]
3409943,[]
3409942,[]
3409941,[]
3409940,[]
3409939,[]
3409938,[]
3409937,[]
3409936,[]
3409935,[]
3409934,[]
3409933,[]
3409932,[]
3409931,[]
3409930,[]
3409929,[]
3409928,[]
3409927,[]
3409926,[]
3409925,[]
3409924,[]
3409923,[]
3409922,[]
3409921,[]
3409920,[]
3409919,[]
3409918,[]
3409917,[]
3409916,[]
3409915,[]
3409914,[]
3409913,[]
3409912,[]
3409911,[]
3409910,[]
3409909,[]
3409908,[]
3409907,[]
3409906,[]
3409905,[]
3409904,[]
3409903,[]
3409902,[]
3409901,[]
3409900,[]
3409899,[]
3409898,[]
3409897,[]
3409896,[]
3409895,[]
3409894,[]
3409893,[]
3409892,[]
3409891,[]
3409890,[]
3409889,[]
3409888,[]
3409887,[]
3409886,[]
3409885,[]
3409884,[]
3409883,[]
3409882,[]
3409881,[]
3409880,[]
3409879,[]
3409878,[]
3409877,[]
3409876,[]
3409875,[]
3409874,[]
3409873,[]
3409872,[]
3409871,[]
3409870,[]
3409869,[]
3409868,[]
3409867,[]
3409866,[]
3409865,[]
3409864,[]
3409863,[]
3409862,[]
3409861,[]
3409860,[]
3409859,[]
3409858,[]
3409857,[]
3409856,[]
3409855,[]
3409854,[]
3409853,[]
3409852,[]
3409851,[]
3409850,[]
3409849,[]
3409848,[]
3409847,[]
3409846,[]
3409845,[]
3409844,[]
3409843,[]
3409842,[]
3409841,[]
3409840,[]
3409839,[]
3409838,[]
3409837,[]
3409836,[]
3409835,[]
3409834,[]
3409833,[]
3409832,[]
3409831,[]
3409830,[]
3409829,[]
3409828,[]
3409827,[]
3409826,[]
3409825,[]
3409824,[]
3409823,[]
3409822,[]
3409821,[]
3409820,[]
3409819,[]
3409818,[]
3409817,[]
3409816,[]
3409815,[]
3409814,[]
3409813,[]
3409812,[]
3409811,[]
3409810,[]
3409809,[]
3409808,[]
3409807,[]
3409806,[]
3409805,[]
3409804,[]
3409803,[]
3409802,[]
3409801,[]
3409800,[]
3409799,[]
3409798,[]
3409797,[]
3409796,[]
3409795,[]
3409794,[]
3409793,[]
3409792,[]
3409791,[]
3409790,[]
3409789,[]
3409788,[]
3409787,[]
3409786,[]
3409785,[]
3409784,[]
3409783,[]
3409782,[]
3409781,[]
3409780,[]
3409779,[]
3409778,[]
3409777,[]
3409776,[]
3409775,[]
3409774,[]
3409773,[]
3409772,[]
3409771,[]
3409770,[]
3409769,[]
3409768,[]
3409767,[]
3409766,[]
3409765,[]
3409764,[]
3409763,[]
3409762,[]
3409761,[]
3409760,[]
3409759,[]
3409758,[]
3409757,[]
3409756,[]
3409755,[]
3409754,[]
3409753,[]
3409752,[]
3409751,[]
3409750,[]
3409749,[]
3409748,[]
3409747,[]
3409746,[]
3409745,[]
3409744,[]
3409743,[]
3409742,[]
3409741,[]
3409740,"[{'ID': 1080, 'name': 'Billfold', 'type': 'Supply Pack', 'quantity': 1, 'price': 39500, 'market_price': 38342}, {'ID': 181, 'name': 'Bottle of Champagne', 'type': 'Alcohol', 'quantity': 2, 'price': 3100, 'market_price': 2945}, {'ID': 1083, 'name': 'Clutch', 'type': 'Supply Pack', 'quantity': 2, 'price': 12000, 'market_price': 11259}, {'ID': 1353, 'name': 'Megaphone', 'type': 'Enhancer', 'quantity': 1, 'price': 121000, 'market_price': 119047}, {'ID': 1078, 'name': 'Old Wallet', 'type': 'Supply Pack', 'quantity': 1, 'price': 10000, 'market_price': 9116}, {'ID': 346, 'UID': 12836887643, 'name': 'Pair of High Heels', 'type': 'Melee', 'quantity': 1, 'price': 7200, 'market_price': 7086}, {'ID': 896, 'name': 'Subway Pass', 'type': 'Other', 'quantity': 1, 'price': 2000, 'market_price': 1900}, {'ID': 1082, 'name': 'Zip Wallet', 'type': 'Supply Pack', 'quantity': 2, 'price': 11000, 'market_price': 9993}]"
3409739,[]
3409738,[]
3409737,[]
3409736,[]
3409735,[]
3409734,[]
3409733,[]
3409732,[]
3409731,[]
3409730,[]
3409729,[]
3409728,[]
3409727,[]
3409726,[]
3409725,[]
3409724,[]
3409723,[]
3409722,[]
3409721,[]
3409720,[]
3409719,[]
3409718,[]
3409717,[]
3409716,[]
3409715,[]
3409714,[]
3409713,[]
3409712,[]
3409711,[]
3409710,[]
3409709,[]
3409708,[]
3409707,[]
3409706,[]
3409705,[]
3409704,[]
3409703,[]
3409702,[]
3409701,[]
3409700,[]
3409699,[]
3409698,[]
3409697,[]
3409696,[]
3409695,[]
3409694,[]
3409693,[]
3409692,[]
3409691,[]
3409690,[]
3409689,[]
3409688,[]
3409687,[]
3409686,[]
3409685,[]
3409684,[]
3409683,[]
3409682,[]
3409681,[]
3409680,[]
3409679,[]
3409678,[]
3409677,[]
3409676,[]
3409675,[]
3409674,[]
3409673,[]
3409672,[]
3409671,[]
3409670,[]
3409669,[]
3409668,[]
3409667,[]
3409666,[]
3409665,[]
3409664,[]
3409663,[]
3409662,[]
3409661,[]
3409660,[]
3409659,[]
3409658,[]
3409657,[]
3409656,[]
3409655,[]
3409654,[]
3409653,[]
3409652,[]
3409651,[]
3409650,[]
3409649,[]
3409648,[]
3409647,[]
3409646,[]
3409645,[]
3409644,[]
3409643,[]
3409642,[]
3409641,[]
3409640,[]
3409639,[]
3409638,[]
3409637,[]
3409636,[]
3409635,[]
3409634,[]
3409633,[]
3409632,[]
3409631,[]
3409630,[]
3409629,[]
3409628,[]
3409627,[]
3409626,[]
3409625,[]
3409624,[]
3409623,[]
3409622,[]
3409621,[]
3409620,[]
3409619,[]
3409618,[]
3409617,[]
3409616,[]
3409615,[]
3409614,[]
3409613,[]
3409612,[]
3409611,[]
3409610,[]
3409609,[]
3409608,[]
3409607,[]
3409606,[]
3409605,[]
3409604,[]
3409603,[]
3409602,[]
3409601,[]
3409600,[]
3409599,[]
3409598,[]
3409597,[]
3409596,[]
3409595,[]
3409594,[]
3409593,[]
3409592,[]
3409591,[]
3409590,[]
3409589,[]
3409588,[]
3409587,[]
3409586,[]
3409585,[]
3409584,[]
3409583,[]
3409582,[]
3409581,[]
3409580,[]
3409579,[]
3409578,[]
3409577,[]
3409576,[]
3409575,[]
3409574,[]
3409573,[]
3409572,[]
3409571,[]
3409570,[]
3409569,[]
3409568,[]
3409567,[]
3409566,[]
3409565,[]
3409564,[]
3409563,[]
3409562,[]
3409561,[]
3409560,[]
3409559,[]
3409558,[]
3409557,[]
3409556,[]
3409555,[]
3409554,[]
3409553,[]
3409552,[]
3409551,[]
3409550,[]
3409549,[]
3409548,[]
3409547,[]
3409546,[]
3409545,[]
3409544,[]
3409543,[]
3409542,[]
3409541,[]
3409540,[]
3409539,[]
3409538,[]
3409537,[]
3409536,[]
3409535,[]
3409534,[]
3409533,[]
3409532,[]
3409531,[]
3409530,[]
3409529,[]
3409528,[]
3409527,[]
3409526,[]
3409525,[]
3409524,[]
3409523,[]
3409522,[]
3409521,[]
3409520,[]
3409519,[]
3409518,[]
3409517,[]
3409516,[]
3409515,[]
3409514,[]
3409513,[]
3409512,[]
3409511,[]
3409510,[]
3409509,[]
3409508,[]
3409507,[]
3409506,[]
3409505,[]
3409504,[]
3409503,[]
3409502,[]
3409501,[]
3409500,[]
3409499,[]
3409498,[]
3409497,[]
3409496,[]
3409495,[]
3409494,[]
3409493,[]
3409492,[]
3409491,[]
3409490,[]
3409489,[]
3409488,[]
3409487,[]
3409486,[]
3409485,[]
3409484,[]
3409483,[]
3409482,[]
3409481,[]
3409480,[]
3409479,[]
3409478,[]
3409477,[]
3409476,[]
3409475,[]
3409474,[]
3409473,[]
3409472,[]
3409471,[]
3409470,[]
3409469,[]
3409468,[]
3409467,[]
3409466,[]
3409465,[]
3409464,[]
3409463,[]
3409462,[]
3409461,[]
3409460,[]
3409459,[]
3409458,[]
3409457,[]
3409456,[]
3409455,[]
3409454,[]
3409453,[]
3409452,[]
3409451,[]
3409450,[]
3409449,[]
3409448,[]
3409447,[]
3409446,[]
3409445,[]
3409444,[]
3409443,[]
3409442,[]
3409441,[]
3409440,[]
3409439,[]
3409438,[]
3409437,[]
3409436,[]
3409435,[]
3409434,[]
3409433,[]
3409432,[]
3409431,[]
3409430,[]
3409429,[]
3409428,[]
3409427,[]
3409426,[]
3409425,[]
3409424,[]
3409423,[]
3409422,[]
3409421,[]
3409420,[]
3409419,[]
3409418,[]
3409417,[]
3409416,[]
3409415,[]
3409414,[]
3409413,[]
3409412,[]
3409411,[]
3409410,[]
3409409,[]
3409408,[]
3409407,[]
3409406,[]
3409405,[]
3409404,[]
3409403,[]
3409402,[]
3409401,[]
3409400,[]
3409399,[]
3409398,[]
3409397,[]
3409396,[]
3409395,[]
3409394,[]
3409393,[]
3409392,[]
3409391,[]
3409390,[]
3409389,[]
3409388,[]
3409387,[]
3409386,[]
3409385,[]
3409384,[]
3409383,[]
3409382,[]
3409381,[]
3409380,[]
3409379,[]
3409378,[]
3409377,[]
3409376,[]
3409375,[]
3409374,[]
3409373,[]
3409372,[]
3409371,[]
3409370,[]
3409369,[]
3409368,[]
3409367,[]
3409366,[]
3409365,[]
3409364,[]
3409363,[]
3409362,[]
3409361,[]
3409360,[]
3409359,[]
3409358,[]
3409357,[]
3409356,[]
3409355,[]
3409354,[]
3409353,[]
3409352,[]
3409351,[]
3409350,[]
3409349,[]
3409348,[]
3409347,[]
3409346,[]
3409345,[]
3409344,[]
3409343,[]
3409342,[]
3409341,[]
3409340,[]
3409339,[]
3409338,[]
3409337,[]
3409336,[]
3409335,[]
3409334,[]
3409333,[]
3409332,[]
3409331,[]
3409330,[]
3409329,[]
3409328,[]
3409327,[]
3409326,[]
3409325,[]
3409324,[]
3409323,[]
3409322,[]
3409321,[]
3409320,[]
3409319,[]
3409318,[]
3409317,[]
3409316,[]
3409315,[]
3409314,[]
3409313,[]
3409312,[]
3409311,[]
3409310,[]
3409309,[]
